season,episode_num_in_season,episode_num_overall,title,directed_by,written_by,original_air_date,prod_code,us_viewers,imdb_rating,total_votes,desc
1,1,1,Pilot,James Burrows,Chuck Lorre & Bill Prady,2007-09-24,276023,9520000,8.2,6135,"A pair of socially awkward theoretical physicists meet their new neighbor Penny, who is their polar opposite."
1,2,2,The Big Bran Hypothesis,Mark Cendrowski,Story by: Chuck Lorre & Bill PradyTeleplay by: Robert Cohen & Dave Goetsch,2007-10-01,3T6601,8580000,8.3,4924,Penny is furious with Leonard and Sheldon when they sneak into her apartment and clean it while she is sleeping.
1,3,3,The Fuzzy Boots Corollary,Mark Cendrowski,Story by: Chuck LorreTeleplay by: Bill Prady & Steven Molaro,2007-10-08,3T6602,8360000,7.7,4392,"Leonard gets upset when he discovers that Penny is seeing a new guy, so he tries to trick her into going on a date with him."
1,4,4,The Luminous Fish Effect,Mark Cendrowski,Story by: Chuck Lorre & Bill PradyTeleplay by: David Litt & Lee Aronsohn,2007-10-15,3T6603,8150000,8.1,4434,Sheldon's mother is called to intervene when he delves into numerous obsessions after being fired for being disrespectful to his new boss.
1,5,5,The Hamburger Postulate,Andrew D. Weyman,Story by: Jennifer GlickmanTeleplay by: Dave Goetsch & Steven Molaro,2007-10-22,3T6604,8810000,7.9,4227,"Leslie seduces Leonard, but afterwards tells him that she is only interested in a one-night stand."
1,6,6,The Middle Earth Paradigm,Mark Cendrowski,Story by: Dave GoetschTeleplay by: David Litt & Robert Cohen,2007-10-29,3T6605,8920000,8.4,4402,"The guys are invited to Penny's Halloween party, where Leonard has yet another run-in with Penny's ex-boyfriend Kurt."
1,7,7,The Dumpling Paradox,Mark Cendrowski,Story by: Chuck Lorre & Bill PradyTeleplay by: Lee Aronsohn & Jennifer Glickman,2007-11-05,3T6606,9680000,8.1,4143,"When Howard hooks up with Penny's old friend, his absence in the gang causes problems for the rest of the guys."
1,8,8,The Grasshopper Experiment,Ted Wass,Story by: Dave Goetsch & Steven MolaroTeleplay by: Lee Aronsohn & Robert Cohen,2007-11-12,3T6607,9320000,8.2,4172,"When Raj's parents set him up on a blind date, he finds he can talk to women with the aid of alcohol."
1,9,9,The Cooper-Hofstadter Polarization,Joel Murray,Story by: Bill Prady & Stephen EngelTeleplay by: Chuck Lorre & Lee Aronsohn & Dave Goetsch,2008-03-17,3T6608,9110000,8,4024,"Leonard and Sheldon's friendship is put to the test when Leonard wants to present a paper they co-authored at a physics convention, but Sheldon doesn't."
1,10,10,The Loobenfeld Decay,Mark Cendrowski,Story by: Chuck LorreTeleplay by: Bill Prady & Lee Aronsohn,2008-03-24,3T6609,8630000,8,4119,"Leonard lies to Penny so that he and Sheldon can get out of watching her perform. However, Sheldon believes that the lie has too many loose ends, so he comes up with a new, unnecessarily complex one to replace it."
1,11,11,The Pancake Batter Anomaly,Mark Cendrowski,Story by: Chuck Lorre & Lee AronsohnTeleplay by: Bill Prady & Stephen Engel,2008-03-31,3T6610,8680000,8.2,4094,"When Sheldon gets sick, Leonard, Howard and Raj go AWOL, leaving a reluctant Penny to deal with him."
1,12,12,The Jerusalem Duality,Mark Cendrowski,Story by: Jennifer Glickman & Stephen EngelTeleplay by: Dave Goetsch & Steven Molaro,2008-04-14,3T6611,7690000,7.9,3902,"Sheldon decides to give up his work and focus on other tasks when a 15-year-old prodigy joins the university, so the other guys come up with a plan to get rid of him."
1,13,13,The Bat Jar Conjecture,Mark Cendrowski,Story by: Stephen Engel & Jennifer GlickmanTeleplay by: Bill Prady & Robert Cohen,2008-04-21,3T6612,7510000,8.3,4015,"Sheldon becomes so intent on demonstrating his intellectual superiority over the other guys that they kick him off the Physics Bowl team and replace him with his nemesis, Leslie."
1,14,14,The Nerdvana Annihilation,Mark Cendrowski,Story by: Bill PradyTeleplay by: Stephen Engel & Steven Molaro,2008-04-28,3T6613,8070000,8.1,3950,"Penny gets mad at the guys when their full scale model of a time machine causes her to miss work, which prompts Leonard to give up all of his nerd memorabilia."
1,15,15,The Pork Chop Indeterminacy,Mark Cendrowski,Story by: Chuck LorreTeleplay by: Lee Aronsohn & Bill Prady,2008-05-05,3T6614,7380000,8.2,4153,"Leonard, Howard and Raj fight over Sheldon's twin sister when she arrives in town. Raj takes part in a drug trial to suppress his selective mutism."
1,16,16,The Peanut Reaction,Mark Cendrowski,Story by: Bill Prady & Lee AronsohnTeleplay by: Dave Goetsch & Steven Molaro,2008-05-12,3T6615,7790000,8.3,3914,"When Penny learns that Leonard has never had a birthday party, she and the rest of the guys plan a surprise party for him."
1,17,17,The Tangerine Factor,Mark Cendrowski,Story by: Chuck Lorre & Bill PradyTeleplay by: Lee Aronsohn & Steven Molaro,2008-05-19,3T6616,7340000,8.5,4101,"After a bad breakup, Penny finally agrees to go out on a date with Leonard, however they both develop doubts and turn to Sheldon for advice."
2,1,18,The Bad Fish Paradigm,Mark Cendrowski,Story by: Bill PradyTeleplay by: Dave Goetsch & Steven Molaro,2008-09-22,3T7351,9360000,8.2,3990,"Leonard becomes concerned when his date with Penny ends abruptly and she starts blowing him off. When told the truth, Sheldon would rather move out than keep Penny's reasons a secret from Leonard."
2,2,19,The Codpiece Topology,Mark Cendrowski,Story by: Chuck LorreTeleplay by: Bill Prady & Lee Aronsohn,2008-09-29,3T7352,8760000,8.1,3680,Sheldon is annoyed when Leonard turns to Leslie for comfort after seeing Penny with another guy.
2,3,20,The Barbarian Sublimation,Mark Cendrowski,Story by: Nicole LorreTeleplay by: Steven Molaro & Eric Kaplan,2008-10-06,3T7353,9330000,8.7,4282,"Sheldon introduces Penny to online gaming, however she refuses to quit after becoming addicted."
2,4,21,The Griffin Equivalency,Mark Cendrowski,Story by: Bill Prady & Chuck LorreTeleplay by: Stephen Engel & Tim Doyle,2008-10-13,3T7354,9360000,7.9,3703,The guys struggle to cope with Raj's arrogance after he is featured in a People magazine article.
2,5,22,The Euclid Alternative,Mark Cendrowski,Story by: Bill Prady & Steven MolaroTeleplay by: Lee Aronsohn & Dave Goetsch,2008-10-20,3T7355,9280000,8.4,3801,"Sheldon annoys the gang when Leonard can't drive him to and from work, so they try to teach him how to drive."
2,6,23,The Cooper-Nowitzki Theorem,Mark Cendrowski,Story by: Stephen Engel & Daley HaggarTeleplay by: Tim Doyle & Richard Rosenstock,2008-11-03,3T7356,9670000,8.2,3824,"Sheldon is flattered when a graduate student takes a shine to him, however her extreme devotion becomes too much to handle."
2,7,24,The Panty Pi√±ata Polarization,Mark Cendrowski,Story by: Bill Prady & Tim DoyleTeleplay by: Jennifer Glickman & Steven Molaro,2008-11-10,3T7357,10010000,8.7,4061,"Penny plans revenge when Sheldon bans her from his and Leonard's apartment, while Howard and Raj use the latest technology to try to find the house being used in ""America's Next Top Model."""
2,8,25,The Lizard-Spock Expansion,Mark Cendrowski,Story by: Bill PradyTeleplay by: Dave Goetsch & Jennifer Glickman,2008-11-17,3T7358,9760000,8.1,3661,Leonard and Howard's friendship is jeopardised when Leonard steals a girl from Howard.
2,9,26,The White Asparagus Triangulation,Mark Cendrowski,Story by: Dave Goetsch & Steven MolaroTeleplay by: Stephen Engel & Richard Rosenstock,2008-11-24,3T7359,10190000,8.1,3626,"Sheldon believes that Leonard will wreck his relationship with Stephanie, so he decides to take matters into his own hands."
2,10,27,The Vartabedian Conundrum,Mark Cendrowski,Story by: Chuck Lorre & Steven MolaroTeleplay by: Bill Prady & Richard Rosenstock,2008-12-08,3T7360,10800000,7.7,3545,"Leonard tries to slow down his relationship with Stephanie when he realizes that they are living together, while Sheldon becomes convinced that he has an untraceable disease."
2,11,28,The Bath Item Gift Hypothesis,Mark Cendrowski,Story by: Bill Prady & Richard RosenstockTeleplay by: Stephen Engel & Eric Kaplan,2008-12-15,3T7361,11420000,9.1,5982,"Leonard is disappointed when Penny develops an interest in an attractive physicist at the university. Meanwhile, Sheldon struggles to find an appropriate Christmas gift for Penny."
2,12,29,The Killer Robot Instability,Mark Cendrowski,Story by: Bill Prady & Richard RosenstockTeleplay by: Steven Molaro & Daley Haggar,2009-01-12,3T7362,11810000,7.9,3563,"Howard becomes depressed after Penny makes a cruel statement about his love life, while the rest of the guys prepare for a grudge killer robot duel against an obnoxious colleague at the university."
2,13,30,The Friendship Algorithm,Mark Cendrowski,Story by: Bill Prady & Richard RosenstockTeleplay by: Chuck Lorre & Steven Molaro,2009-01-19,3T7363,11100000,8,3561,Sheldon tries to make friends with Kripke in the hope that it will get him access to a coveted computer at the university.
2,14,31,The Financial Permeability,Mark Cendrowski,Story by: Chuck Lorre & Steven MolaroTeleplay by: Richard Rosenstock & Eric Kaplan,2009-02-02,3T7364,10890000,8,3533,Leonard and Sheldon try to help out Penny when she can't afford to pay her rent.
2,15,32,The Maternal Capacitance,Mark Cendrowski,Story by: Chuck Lorre & Bill PradyTeleplay by: Richard Rosenstock & Steven Molaro,2009-02-09,3T7365,13110000,8.9,4273,"Sheldon hits it off with Leonard's psychoanalyst mother, but she drives Leonard and Penny to the bottle."
2,16,33,The Cushion Saturation,Mark Cendrowski,Story by: Chuck LorreTeleplay by: Bill Prady & Lee Aronsohn,2009-03-02,3T7366,10940000,8.2,3550,"Howard hooks up with Leslie, while Penny accidentally ruins Sheldon's spot on the couch."
2,17,34,The Terminator Decoupling,Mark Cendrowski,Story by: Bill Prady & Dave GoetschTeleplay by: Tim Doyle & Stephen Engel,2009-03-09,3T7367,9460000,8.1,3869,"On a train to San Francisco, Howard, Raj and Leonard fight for the affections of sci-fi star Summer Glau, while Sheldon is forced to turn to Penny for help when he leaves his flash drive behind."
2,18,35,The Work Song Nanocluster,Peter Chakos,Story by: Bill Prady & Lee AronsohnTeleplay by: Dave Goetsch & Richard Rosenstock,2009-03-16,3T7368,9760000,8.1,3562,Sheldon's assistance with Penny's home-based business leads to chaos.
2,19,36,The Dead Hooker Juxtaposition,Mark Cendrowski,Steven Molaro,2009-03-30,3T7369,9770000,8.2,3598,Penny becomes jealous when a gorgeous new neighbor attracts the guys' attention.
2,20,37,The Hofstadter Isotope,Mark Cendrowski,Dave Goetsch,2009-04-13,3T7370,10130000,7.9,3448,"Leonard is upset when the owner of the comic book store goes on a date with Penny, so he convinces Howard and Raj to take him to a bar so that he can pick up a woman of his own."
2,21,38,The Vegas Renormalization,Mark Cendrowski,Story by: Jessica Ambrosetti & Nicole Lorre & Andrew RothTeleplay by: Steven Molaro,2009-04-27,3T7371,9310000,8.5,3736,"After being dumped by Leslie, Howard heads to Las Vegas with Leonard and Raj. Meanwhile, Penny is forced to take in Sheldon after he locks himself out of his apartment."
2,22,39,The Classified Materials Turbulence,Mark Cendrowski,Story by: Chuck Lorre & Lee AronsohnTeleplay by: Bill Prady & Steven Molaro,2009-05-04,3T7373,9250000,8.2,3414,Penny's second date with Stuart has significant implications for Leonard. Howard enlists the guys' help with one of his NASA projects.
2,23,40,The Monopolar Expedition,Mark Cendrowski,Eric Kaplan & Richard Rosenstock,2009-05-11,3T7372,9810000,8.3,3517,Penny gets upset when she finds out Leonard and the guys plan to work at the North Pole for the summer.
3,1,41,The Electric Can Opener Fluctuation,Mark Cendrowski,Steven Molaro,2009-09-21,3X5551,12960000,8.3,3786,"After returning from the North Pole, a conflict among the guys sends Sheldon back to Texas and interferes with Leonard's reunion with Penny."
3,2,42,The Jiminy Conjecture,Mark Cendrowski,Jim Reynolds,2009-09-28,3X5552,13270000,7.8,3448,Leonard and Penny's first night together goes awkwardly. Sheldon and Howard wager on the species of a cricket.
3,3,43,The Gothowitz Deviation,Mark Cendrowski,Story by: Lee Aronsohn & Richard RosenstockTeleplay by: Bill Prady & Maria Ferrari,2009-10-05,3X5553,12520000,8.1,3532,"Sheldon attempts to covertly alter Penny's habits, while Howard and Raj try their luck meeting women at a Goth-style club."
3,4,44,The Pirate Solution,Mark Cendrowski,Steve Holland,2009-10-12,3X5554,13070000,8,3456,"When Raj has to find a new job or be sent back to India, Sheldon's solution leaves Leonard and Penny dealing with Howard as the third wheel."
3,5,45,The Creepy Candy Coating Corollary,Mark Cendrowski,Story by: Chuck Lorre & Bill PradyTeleplay by: Lee Aronsohn & Steven Molaro,2009-10-19,3X5556,13470000,8.3,3543,"Leonard is forced to ask Penny to set Howard up with one of her friends, while Sheldon seeks payback against sci-fi star Wil Wheaton."
3,6,46,The Cornhusker Vortex,Mark Cendrowski,Story by: Bill Prady & Steven MolaroTeleplay by: Dave Goetsch & Richard Rosenstock,2009-11-02,3X5555,12730000,7.5,3337,"Leonard tries to learn about football to fit in with Penny's friends. Meanwhile, a loss in a kite war threatens to end Raj and Howard's friendship."
3,7,47,The Guitarist Amplification,Mark Cendrowski,Story by: Chuck Lorre & Lee AronsohnTeleplay by: Bill Prady & Richard Rosenstock & Jim Reynolds,2009-11-09,3X5557,12790000,7.8,3338,Sheldon is caught in the middle when Leonard and Penny argue about Penny's friend staying at her apartment.
3,8,48,The Adhesive Duck Deficiency,Mark Cendrowski,Story by: Chuck Lorre & Bill Prady & Dave GoetschTeleplay by: Steven Molaro & Eric Kaplan & Maria Ferrari,2009-11-16,3X5558,13230000,8.9,4753,"Penny is forced to turn to Sheldon for help when she dislocates her shoulder in the bathtub. Meanwhile, the rest of the guys accidentally get stoned in the desert while waiting for a meteor shower."
3,9,49,The Vengeance Formulation,Mark Cendrowski,Story by: Chuck Lorre & Maria FerrariTeleplay by: Richard Rosenstock & Jim Reynolds & Steve Holland,2009-11-23,3X5559,14130000,8.4,3527,Sheldon plans revenge after Kripke humiliates him on the radio. Howard develops doubts about his relationship with Bernadette.
3,10,50,The Gorilla Experiment,Mark Cendrowski,Story by: Chuck Lorre & Richard Rosenstock & Steve HollandTeleplay by: Bill Prady & Steven Molaro & Maria Ferrari,2009-12-07,3X5560,14380000,8.5,3590,"Sheldon attempts to help Penny understand physics to impress Leonard, while Howard becomes jealous when Bernadette takes an interest in Leonard's research."
3,11,51,The Maternal Congruence,Mark Cendrowski,Story by: Lee Aronsohn & Steven Molaro & Richard Rosenstock & Maria FerrariTeleplay by: Chuck Lorre & Bill Prady & Dave Goetsch,2009-12-14,3X5562,15580000,8.3,3474,Leonard's mother makes a visit to his dismay and Sheldon's delight.
3,12,52,The Psychic Vortex,Mark Cendrowski,Story by: Lee Aronsohn & Steven MolaroTeleplay by: Chuck Lorre & Eric Kaplan & Jim Reynolds,2010-01-11,3X5561,15820000,8.3,3426,Raj talks Sheldon into being his wingman at a university mixer. Leonard has trouble dealing with Penny consulting a psychic.
3,13,53,The Bozeman Reaction,Mark Cendrowski,Story by: Bill Prady & Lee Aronsohn & Jim ReynoldsTeleplay by: Chuck Lorre & Steven Molaro & Steve Holland,2010-01-18,3X5563,14990000,8.1,3324,"When their apartment is robbed, Leonard and Sheldon turn to Howard and Raj to create a state-of-the-art security system."
3,14,54,The Einstein Approximation,Mark Cendrowski,Story by: Lee Aronsohn & Dave Goetsch & Steve HollandTeleplay by: Chuck Lorre & Steven Molaro & Eric Kaplan,2010-02-01,3X5565,15510000,8.5,3633,Sheldon wreaks havoc when he is stumped by a difficult physics question.
3,15,55,The Large Hadron Collision,Mark Cendrowski,Story by: Chuck Lorre & Steven Molaro & Jim ReynoldsTeleplay by: Lee Aronsohn & Richard Rosenstock & Maria Ferrari,2010-02-08,3X5564,16260000,8.1,3267,"When Leonard is offered a trip to Switzerland on Valentine's Day to visit the CERN laboratory, Sheldon uses any and all means to be his guest instead of Penny."
3,16,56,The Excelsior Acquisition,Peter Chakos,Story by: Chuck Lorre & Lee Aronsohn & Steven MolaroTeleplay by: Bill Prady & Steve Holland & Maria Ferrari,2010-03-01,3X5566,15730000,8.3,3380,Sheldon misses an opportunity to get Stan Lee's autograph because he has to make an appearance in traffic court.
3,17,57,The Precious Fragmentation,Mark Cendrowski,Story by: Lee Aronsohn & Eric Kaplan & Maria FerrariTeleplay by: Bill Prady & Steven Molaro & Richard Rosenstock,2010-03-08,3X5567,16320000,8.5,3583,"The guys' friendship is threatened when they find a ring from the ""Lord of the Rings"" trilogy."
3,18,58,The Pants Alternative,Mark Cendrowski,Story by: Chuck Lorre & Bill Prady & Steve HollandTeleplay by: Eric Kaplan & Richard Rosenstock & Jim Reynolds,2010-03-22,3X5568,13420000,8.4,3507,Sheldon seeks help from the rest of the gang in overcoming his fear of public speaking when he receives an award.
3,19,59,The Wheaton Recurrence,Mark Cendrowski,Story by: Chuck Lorre & Steven Molaro & Nicole Lorre & Jessica AmbrosettiTeleplay by: Bill Prady & Dave Goetsch & Jim Reynolds & Maria Ferrari,2010-04-12,3X5569,13390000,7.9,3282,Sheldon takes on Wil Wheaton in a game of bowling. Leonard and Penny's relationship comes to a crossroad.
3,20,60,The Spaghetti Catalyst,Anthony Rich,Chuck Lorre & Bill Prady & Lee Aronsohn & Steven Molaro,2010-05-03,3X5570,11630000,8.1,3279,Sheldon is forced to go behind Leonard's back to spend time with Penny following their breakup.
3,21,61,The Plimpton Stimulation,Mark Cendrowski,Story by: Chuck Lorre & Bill Prady & Lee AronsohnTeleplay by: Steven Molaro & Jim Reynolds & Maria Ferrari,2010-05-10,3X5571,13730000,8.2,3526,Chaos ensues when a nymphomaniac physicist visiting Sheldon hooks up with Leonard.
3,22,62,The Staircase Implementation,Mark Cendrowski,Story by: Lee Aronsohn & Steven Molaro & Steve HollandTeleplay by: Chuck Lorre & Dave Goetsch & Maria Ferrari,2010-05-17,3X5572,15020000,9,4597,Leonard tells Penny about how he and Sheldon became roommates and what happened to the elevator.
3,23,63,The Lunar Excitation,Peter Chakos,Story by: Chuck Lorre & Bill Prady & Maria FerrariTeleplay by: Lee Aronsohn & Steven Molaro & Steve Holland,2010-05-24,3X5573,14780000,8.6,3581,"Penny has a night of angry, drunken sex with Leonard, much to his confusion. Meanwhile, Howard and Raj search for Sheldon's perfect match online."
4,1,64,The Robotic Manipulation,Mark Cendrowski,Story by: Chuck Lorre & Lee Aronsohn & Dave GoetschTeleplay by: Steven Molaro & Eric Kaplan & Steve Holland,2010-09-23,3X6651,14040000,8.7,4026,"Penny ends up tagging along on Sheldon's first ever date with Amy, while Howard finds an unusual use for a robotic arm."
4,2,65,The Cruciferous Vegetable Amplification,Mark Cendrowski,Story by: Bill Prady & Lee Aronsohn & Steve HollandTeleplay by: Chuck Lorre & Steven Molaro & Jim Reynolds,2010-09-30,3X6652,13050000,8.4,3591,"When Sheldon calculates the technology to download his consciousness into a robot won't be invented soon enough, he desperately tries to find a way to increase his lifespan."
4,3,66,The Zazzy Substitution,Mark Cendrowski,Story by: Chuck Lorre & Bill Prady & Jim ReynoldsTeleplay by: Lee Aronsohn & Steven Molaro & Maria Ferrari,2010-10-07,3X6653,12590000,8,3376,"Following his 'breakup' with Amy, the gang become concerned with Sheldon's obsessive search for non-human companionship and call his mother to intervene."
4,4,67,The Hot Troll Deviation,Mark Cendrowski,Story by: Chuck Lorre & Steven Molaro & Adam FabermanTeleplay by: Bill Prady & Lee Aronsohn & Maria Ferrari,2010-10-14,3X6654,12570000,8,3377,"Howard tries to get Penny's help in winning back Bernadette, but first has to confess the embarrassing reason why they broke up in the first place. Raj and Sheldon clash over a desk."
4,5,68,The Desperation Emanation,Mark Cendrowski,Story by: Bill Prady & Lee Aronsohn & Dave GoetschTeleplay by: Chuck Lorre & Steven Molaro & Steve Holland,2010-10-21,3X6655,13050000,7.7,3228,"Sheldon is scared that he is in a relationship when Amy asks him to meet her mother, and Leonard asks Howard and Bernadette to set him up because he is the only person in the group without a girlfriend."
4,6,69,The Irish Pub Formulation,Mark Cendrowski,Story by: Chuck Lorre & Lee Aronsohn & Steven MolaroTeleplay by: Bill Prady & Eric Kaplan & Maria Ferrari,2010-10-28,3X6656,13040000,8,3287,"Leonard tries to keep everyone from finding out that he spent the night with Raj's sister, but Sheldon finds out and concocts an elaborate story to help him keep the secret from Raj."
4,7,70,The Apology Insufficiency,Mark Cendrowski,Story by: Chuck Lorre & Lee Aronsohn & Maria FerrariTeleplay by: Bill Prady & Steven Molaro & Steve Holland,2010-11-04,3X6657,14000000,8.1,3329,An FBI agent interviews the guys when Howard needs to obtain a security clearance.
4,8,71,The 21-Second Excitation,Mark Cendrowski,Story by: Chuck Lorre & Bill Prady & Jim ReynoldsTeleplay by: Lee Aronsohn & Steven Molaro & Steve Holland,2010-11-11,3X6658,13110000,8.1,3324,"The guys camp out all night waiting to see an extended cut of Indiana Jones, while Amy joins in on girls' night with Penny and Bernadette."
4,9,72,The Boyfriend Complexity,Mark Cendrowski,Story by: Chuck Lorre & Lee Aronsohn & Jim ReynoldsTeleplay by: Bill Prady & Steven Molaro & Dave Goetsch,2010-11-18,3X6659,13020000,8.5,3489,"Penny asks Leonard to pose as her boyfriend when her father visits. Howard, Raj and Bernadette have an awkward encounter when they spend the evening together."
4,10,73,The Alien Parasite Hypothesis,Mark Cendrowski,Story by: Chuck Lorre & Steven Molaro & Steve HollandTeleplay by: Lee Aronsohn & Jim Reynolds & Maria Ferrari,2010-12-09,3X6660,12030000,7.7,3217,"Amy finds she has sexual feelings for Penny's ex-boyfriend Zack, while Raj and Howard try to prove who would be the better superhero."
4,11,74,The Justice League Recombination,Mark Cendrowski,Story by: Chuck Lorre & Lee Aronsohn & Maria FerrariTeleplay by: Bill Prady & Steven Molaro & Steve Holland,2010-12-16,3X6661,13240000,8.7,3729,The guys enter a costume contest as members of the Justice League and convince Penny and Zack to join them.
4,12,75,The Bus Pants Utilization,Mark Cendrowski,Story by: Chuck Lorre & Lee Aronsohn & Maria FerrariTeleplay by: Bill Prady & Steven Molaro & Eric Kaplan,2011-01-06,3X6662,13980000,7.6,3204,"Leonard has an idea for a new smartphone app and asks the guys for help, however Sheldon tries to take over the project, and Leonard fires him."
4,13,76,The Love Car Displacement,Anthony Rich,Story by: Chuck Lorre & Bill Prady & Dave GoetschTeleplay by: Lee Aronsohn & Steven Molaro & Steve Holland,2011-01-20,3X6663,13630000,8.3,3448,Chaos ensues when the gang spend the weekend together at a science convention.
4,14,77,The Thespian Catalyst,Mark Cendrowski,Story by: Chuck Lorre & Lee Aronsohn & Jim ReynoldsTeleplay by: Bill Prady & Steven Molaro & Maria Ferrari,2011-02-03,3X6664,13830000,7.8,3266,"To improve his skills as an instructor, Sheldon asks Penny to give him acting lessons. Meanwhile, Raj begins having impure fantasies about Bernadette."
4,15,78,The Benefactor Factor,Mark Cendrowski,Story by: Bill Prady & Lee Aronsohn & Dave GoetschTeleplay by: Chuck Lorre & Eric Kaplan & Steve Holland,2011-02-10,3X6665,12790000,7.8,3211,"To secure needed funding for the university, Sheldon convinces Leonard to get friendly with a wealthy benefactor."
4,16,79,The Cohabitation Formulation,Mark Cendrowski,Story by: Chuck Lorre & Lee Aronsohn & Dave GoetschTeleplay by: Bill Prady & Steven Molaro & Jim Reynolds,2011-02-17,3X6666,12410000,7.9,3122,"Bernadette makes Howard choose between herself and his mother, while Penny and Raj become upset when Priya returns to town and resumes her relationship with Leonard."
4,17,80,The Toast Derivation,Mark Cendrowski,Story by: Bill Prady & Dave Goetsch & Maria FerrariTeleplay by: Chuck Lorre & Steven Molaro & Jim Reynolds,2011-02-24,3X6667,12350000,8,3154,Sheldon becomes concerned when everybody begins to hang out at Raj's apartment and discovers Leonard is the center of the group.
4,18,81,The Prestidigitation Approximation,Mark Cendrowski,Story by: Bill Prady & Steve Holland & Eddie GorodetskyTeleplay by: Chuck Lorre & Steven Molaro & Eric Kaplan,2011-03-10,3X6668,12060000,8.2,3311,Priya forces Leonard to choose between a relationship with her or a friendship with Penny. A magic trick by Howard has Sheldon fooled.
4,19,82,The Zarnecki Incursion,Peter Chakos,Story by: Chuck Lorre & Steven Molaro & Maria FerrariTeleplay by: Bill Prady & Dave Goetsch & Jim Reynolds,2011-03-31,3X6669,11920000,8.1,3220,"The guys go all out to help Sheldon find the person responsible for hacking his online gaming account, while the girls' hatred for Priya increases."
4,20,83,The Herb Garden Germination,Mark Cendrowski,Story by: Chuck Lorre & Eric Kaplan & Eddie GorodetskyTeleplay by: Bill Prady & Steven Molaro & Steve Holland,2011-04-07,3X6670,11400000,8.2,3202,Sheldon and Amy secretly experiment on the gang by spreading rumors when they hear that Bernadette is thinking about breaking up with Howard.
4,21,84,The Agreement Dissection,Mark Cendrowski,Story by: Bill Prady & Dave Goetsch & Eddie GorodetskyTeleplay by: Chuck Lorre & Steven Molaro & Eric Kaplan,2011-04-28,3X6671,10710000,8.3,3282,"When Priya finds a loophole in the roommate agreement to throw Sheldon out for the night, Penny, Amy and Bernadette take him to a nightclub."
4,22,85,The Wildebeest Implementation,Mark Cendrowski,Story by: Chuck Lorre & Steven Molaro & Eric KaplanTeleplay by: Bill Prady & Eddie Gorodetsky & Maria Ferrari,2011-05-05,3X6672,10500000,7.8,3106,"Sheldon invents a three-player chess game, Penny and Amy use Bernadette to spy on Leonard and Priya, and Raj tries a new drug to treat his social anxiety."
4,23,86,The Engagement Reaction,Howard Murray,Story by: Bill Prady & Eric Kaplan & Jim ReynoldsTeleplay by: Chuck Lorre & Steven Molaro & Steve Holland,2011-05-12,3X6673,10780000,8.1,3159,"Howard believes that his mom suffered a heart attack because he told her that he's marrying Bernadette, Sheldon freaks out over germs, and Penny and Priya compare notes on Leonard."
4,24,87,The Roommate Transmogrification,Mark Cendrowski,Story by: Chuck Lorre & Steven Molaro & Eddie GorodetskyTeleplay by: Bill Prady & Eric Kaplan & Jim Reynolds,2011-05-19,3X6674,11300000,8.6,3366,Raj moves in with Sheldon after hearing Leonard and Priya engage in a Star Trek fantasy in his apartment. Bernadette receives her doctorate.
5,1,88,The Skank Reflex Analysis,Mark Cendrowski,Story by: Eric Kaplan & Maria Ferrari & Anthony Del BroccoloTeleplay by: Chuck Lorre & Bill Prady & Steven Molaro,2011-09-22,3X6851,14300000,8.1,3802,The gang deal with the fallout from Penny and Raj's night together.
5,2,89,The Infestation Hypothesis,Mark Cendrowski,Story by: Bill Prady & Steven Molaro & Maria FerrariTeleplay by: Chuck Lorre & Jim Reynolds & Steve Holland,2011-09-22,3X6852,14940000,8,3340,Amy gets inadvertently caught in the middle of a fight between Sheldon and Penny over a chair. Leonard tries to add some spice to his long-distance relationship with Priya.
5,3,90,The Pulled Groin Extrapolation,Mark Cendrowski,Story by: Chuck Lorre & Eric Kaplan & Jim ReynoldsTeleplay by: Bill Prady & Steven Molaro & Dave Goetsch,2011-09-29,3X6853,14740000,7.7,3198,Leonard accompanies Amy to a colleague's wedding. Howard tries to convince Bernadette to live with his mother after they get married.
5,4,91,The Wiggly Finger Catalyst,Mark Cendrowski,Story by: Chuck Lorre & Dave Goetsch & Anthony Del BroccoloTeleplay by: Bill Prady & Steven Molaro & Steve Holland,2011-10-06,3X6854,13920000,7.9,3259,"Penny sets up Raj with a deaf friend, not knowing that she's actually a gold digger, and Sheldon decides to let his minor decisions rest on the roll of the dice."
5,5,92,The Russian Rocket Reaction,Mark Cendrowski,Story by: Bill Prady & Steven Molaro & Jim ReynoldsTeleplay by: Chuck Lorre & Eric Kaplan & Maria Ferrari,2011-10-13,3X6855,13580000,8,3227,"Sheldon takes offense when Leonard wants to attend a party with Wil Wheaton, while Bernadette tries to block Howard's opportunity to go into outer space."
5,6,93,The Rhinitis Revelation,Howard Murray,Story by: Chuck Lorre & Eric Kaplan & Steve HollandTeleplay by: Bill Prady & Steven Molaro & Jim Reynolds,2011-10-20,3X6857,14930000,7.6,3159,Sheldon gets upset when his mother comes to visit but refuses to cook for him and attend physics lectures.
5,7,94,The Good Guy Fluctuation,Mark Cendrowski,Story by: Chuck Lorre & Dave Goetsch & Maria FerrariTeleplay by: Bill Prady & Steven Molaro & Steve Holland,2011-10-27,3X6856,14540000,8.6,3884,Sheldon tries to get into the spirit of Halloween by trying to scare the guys after they prank him. Leonard seeks Penny's advice when an attractive comic book artist takes an interest in him.
5,8,95,The Isolation Permutation,Mark Cendrowski,Story by: Chuck Lorre & Eric Kaplan & Tara HernandezTeleplay by: Bill Prady & Steven Molaro & Steve Holland,2011-11-03,3X6858,15980000,7.7,3150,"Amy is hurt when Penny and Bernadette go bridesmaid dress shopping without her, so she turns to a reluctant Sheldon for comfort."
5,9,96,The Ornithophobia Diffusion,Mark Cendrowski,Story by: Chuck Lorre & Dave Goetsch & Anthony Del BroccoloTeleplay by: Bill Prady & Steven Molaro & Eric Kaplan,2011-11-10,3X6859,15890000,8.2,3309,"Sheldon tries to overcome his fear of birds, while Leonard and Penny attempt to hang out together strictly as friends."
5,10,97,The Flaming Spittoon Acquisition,Mark Cendrowski,Story by: Chuck Lorre & Steven Molaro & Dave GoetschTeleplay by: Bill Prady & Jim Reynolds & Steve Holland,2011-11-17,3X6860,15050000,8,3202,"When Stuart asks Amy on a date, Sheldon considers having a more serious relationship with her. Meanwhile, the guys become obsessed with a new card game involving Wild West heroes and witches."
5,11,98,The Speckerman Recurrence,Anthony Rich,Story by: Chuck Lorre & Bill Prady & Steve HollandTeleplay by: Steven Molaro & Eric Kaplan & Anthony Del Broccolo,2011-12-08,3X6861,14020000,7.3,3150,"Leonard confronts the man who bullied him in high school, while Penny realizes she did her fair share of tormenting in the past."
5,12,99,The Shiny Trinket Maneuver,Mark Cendrowski,Story by: Chuck Lorre & Steve Holland & Tara HernandezTeleplay by: Bill Prady & Steven Molaro & Jim Reynolds,2012-01-12,3X6862,16130000,7.7,3159,Penny helps Sheldon work on his relationship with Amy when he trivializes one of her accomplishments. Howard is irked by Bernadette's dislike of children.
5,13,100,The Recombination Hypothesis,Mark Cendrowski,Story by: Chuck LorreTeleplay by: Bill Prady & Steven Molaro,2012-01-19,3X6863,15830000,8.2,3340,Leonard and Penny contemplate reviving their romantic relationship.
5,14,101,The Beta Test Initiation,Mark Cendrowski,Story by: Chuck Lorre & Steven Molaro & Eric KaplanTeleplay by: Bill Prady & Dave Goetsch & Maria Ferrari,2012-01-26,3X6864,16130000,8.2,3369,Leonard and Penny develop a system to ensure their dates go smoothly. Raj finally finds a woman he can talk to - the virtual assistant on his mobile phone.
5,15,102,The Friendship Contraction,Mark Cendrowski,Story by: Chuck Lorre & Eric Kaplan & Jim ReynoldsTeleplay by: Bill Prady & Steven Molaro & Steve Holland,2012-02-02,3X6865,16540000,7.8,3051,"Leonard signs out of his roommate agreement, reducing himself and Sheldon to mere acquaintances, while Howard tries to think of a cool astronaut nickname for himself."
5,16,103,The Vacation Solution,Mark Cendrowski,Story by: Chuck Lorre & Anthony Del Broccolo & Tara HernandezTeleplay by: Bill Prady & Steven Molaro & Maria Ferrari,2012-02-09,3X6866,16210000,7.6,3032,"When the university forces Sheldon to use vacation days, he decides to hang out in Amy's lab. Howard becomes upset when he hears Bernadette wants him to sign a prenuptial agreement."
5,17,104,The Rothman Disintegration,Mark Cendrowski,Story by: Chuck Lorre & Bill Prady & Steve HollandTeleplay by: Steven Molaro & Eric Kaplan & Jim Reynolds,2012-02-16,3X6867,15650000,7.8,3107,Sheldon battles Kripke for a coveted office at the university. Penny receives a very unusual gift from Amy.
5,18,105,The Werewolf Transformation,Mark Cendrowski,Story by: Chuck Lorre & Todd Craig & Gary TorvinenTeleplay by: Bill Prady & Steven Molaro & Jim Reynolds & Maria Ferrari,2012-02-23,3X6868,16200000,8.2,3300,"Sheldon wreaks havoc when he tries to get a haircut from his regular barber, who is ill. Howard runs into a few problems with astronaut training."
5,19,106,The Weekend Vortex,Mark Cendrowski,Story by: Chuck Lorre & Bill Prady & Tara HernandezTeleplay by: Steven Molaro & Eric Kaplan & Steve Holland,2012-03-08,3X6869,15040000,8.2,3140,Sheldon has to choose between joining Amy at her aunt's birthday party or playing videogames all weekend with the guys.
5,20,107,The Transporter Malfunction,Mark Cendrowski,Story by: Chuck Lorre & Bill Prady & Maria FerrariTeleplay by: Steven Molaro & Jim Reynolds & Steve Holland,2012-03-29,3X6870,13960000,8.1,3266,Raj gets quite a surprise when he asks his parents to set him up on a date. Penny buys Leonard and Sheldon a pair of Star Trek keepsake collectibles.
5,21,108,The Hawking Excitation,Mark Cendrowski,Story by: Bill Prady & Steven Molaro & Steve HollandTeleplay by: Chuck Lorre & Eric Kaplan & Maria Ferrari,2012-04-05,3X6871,13290000,8.6,3653,"Sheldon uses any and all means to meet his hero, Dr. Stephen Hawking."
5,22,109,The Stag Convergence,Peter Chakos,Story by: Billy Prady & Steve Holland & Eric KaplanTeleplay by: Chuck Lorre & Steven Molaro & Jim Reynolds,2012-04-26,3X6872,12650000,7.8,3112,"The guys throw Howard a bachelor party, and some embarrassing details about his life get posted on the Internet."
5,23,110,The Launch Acceleration,Mark Cendrowski,Story by: Chuck Lorre & Steven Molaro & Jim ReynoldsTeleplay by: Bill Prady & Steve Holland & Maria Ferrari,2012-05-03,3X6873,13910000,8.1,3067,"NASA cancel, and later reinstate Howard's mission into space, coinciding with his wedding. Leonard inadvertently jeopardizes his relationship with Penny."
5,24,111,The Countdown Reflection,Mark Cendrowski,Story by: Bill Prady & Eric Kaplan & Steve HollandTeleplay by: Chuck Lorre & Steven Molaro & Jim Reynolds,2012-05-10,3X6874,13720000,8.5,3504,"As Howard prepares for his mission into space, flashbacks show the recent events leading up to his and Bernadette's wedding."
6,1,112,The Date Night Variable,Mark Cendrowski,Story by: Chuck Lorre & Eric Kaplan & Steve HollandTeleplay by: Steven Molaro & Jim Reynolds & Maria Ferrari,2012-09-27,3X7601,15660000,7.7,3997,Raj crashes Sheldon and Amy's second anniversary and interferes in Leonard and Penny's relationship. Howard gets caught in the middle of an argument between Bernadette and his mother.
6,2,113,The Decoupling Fluctuation,Mark Cendrowski,Story by: Chuck Lorre & Jim Reynolds & Maria FerrariTeleplay by: Steven Molaro & Eric Kaplan & Steve Holland,2012-10-04,3X7602,15180000,7.7,3190,"Penny continues to have doubts about her relationship with Leonard. Meanwhile, Howard becomes the target of practical jokes on the space station."
6,3,114,The Higgs Boson Observation,Mark Cendrowski,Story by: Steven Molaro & Dave Goetsch & Steve HollandTeleplay by: Chuck Lorre & Jim Reynolds & Maria Ferrari,2012-10-11,3X7603,14230000,8,3205,"When Sheldon hires a female grad student to assist him, a jealous Amy asks Penny to help her spy on them. On the space station, Howard begins behaving erratically."
6,4,115,The Re-Entry Minimization,Mark Cendrowski,Story by: Bill Prady & Jim Reynolds & Anthony Del BroccoloTeleplay by: Chuck Lorre & Steven Molaro & Eric Kaplan,2012-10-18,3X7604,15730000,8.3,3414,Howard is offended when his return from space is met with little fanfare. Penny and Amy take on Sheldon and Leonard during game night.
6,5,116,The Holographic Excitation,Mark Cendrowski,Story by: Chuck Lorre & Eric Kaplan & Jeremy HoweTeleplay by: Steven Molaro & Steve Holland & Maria Ferrari,2012-10-25,3X7605,15820000,8,3175,"While Raj plans Stuart's Halloween party at the comic book store, Howard annoys the rest of the gang by constantly talking about space, and Penny tries to take more of an interest in Leonard's work."
6,6,117,The Extract Obliteration,Mark Cendrowski,Story by: Chuck Lorre & Bill Prady & Steve HollandTeleplay by: Steven Molaro & Jim Reynolds & Eric Kaplan,2012-11-01,3X7606,15900000,7.9,3056,Penny enrolls in a college class and keeps it a secret from Leonard. Sheldon causes conflict with Dr. Stephen Hawking over an online game.
6,7,118,The Habitation Configuration,Mark Cendrowski,Story by: Chuck Lorre & Eric Kaplan & Jim ReynoldsTeleplay by: Steven Molaro & Steve Holland & Maria Ferrari,2012-11-08,3X7607,16680000,7.7,3022,"Howard makes a decision whether or not to move out of his mother's house, while Sheldon is caught in the middle of an argument between Amy and Wil Wheaton."
6,8,119,The 43 Peculiarity,Mark Cendrowski,Story by: Chuck Lorre & Dave Goetsch & Anthony Del BroccoloTeleplay by: Steven Molaro & Jim Reynolds & Steve Holland,2012-11-15,3X7608,17630000,8.5,3531,"Leonard feels threatened after hearing about Penny's study partner at school, while Howard and Raj become determined to find out one of Sheldon's secrets."
6,9,120,The Parking Spot Escalation,Peter Chakos,Story by: Chuck Lorre & Eric Kaplan & Adam FabermanTeleplay by: Steven Molaro & Steve Holland & Maria Ferrari,2012-11-29,3X7609,17250000,8.3,3419,The gang are drawn into a fight between Howard and Sheldon over Sheldon's vacant parking spot at the university.
6,10,121,The Fish Guts Displacement,Mark Cendrowski,Story by: Chuck Lorre & Bill Prady & Tara HernandezTeleplay by: Steven Molaro & Eric Kaplan & Jim Reynolds,2012-12-06,3X7610,16940000,8.1,3210,"Howard tries to bond with Bernadette's father during a fishing trip. When Sheldon is obligated to take care of a sick Amy, she finds ways to take advantage of the situation."
6,11,122,The Santa Simulation,Mark Cendrowski,Story by: Chuck Lorre & Eric Kaplan & Steve HollandTeleplay by: Steven Molaro & Jim Reynolds & Maria Ferrari,2012-12-13,3X7611,16770000,7.8,3096,The girls take Raj out to a nightclub to find him a date. A game of Dungeons and Dragons rekindle old memories of Santa for Sheldon.
6,12,123,The Egg Salad Equivalency,Mark Cendrowski,Story by: Chuck Lorre & Eric Kaplan & Jim ReynoldsTeleplay by: Steven Molaro & Bill Prady & Steve Holland,2013-01-03,3X7612,19250000,8.4,3489,"When Penny finds out Alex has a crush on Leonard, Sheldon gets himself and the rest of the guys in trouble with Human Resources whilst trying to solve the problem."
6,13,124,The Bakersfield Expedition,Mark Cendrowski,Story by: Chuck Lorre & Jim Reynolds & Steve HollandTeleplay by: Steven Molaro & Eric Kaplan & Maria Ferrari,2013-01-10,3X7613,20000000,8.4,3496,"The guys are stranded in the middle of nowhere when Leonard's car is stolen on the way to the Bakersfield Comic-Con. Back home, the girls try to figure out why the guys are so fascinated with comic books."
6,14,125,The Cooper/Kripke Inversion,Mark Cendrowski,Story by: Chuck Lorre & Eric Kaplan & Anthony Del BroccoloTeleplay by: Steven Molaro & Jim Reynolds & Steve Holland,2013-01-31,3X7614,17760000,7.8,3062,Sheldon is forced to work with Kripke on a project and must concoct an elaborate lie when he can't hold up his end of the work. Howard and Raj get superhero figurines made of themselves.
6,15,126,The Spoiler Alert Segmentation,Mark Cendrowski,Story by: Chuck Lorre & Eric Kaplan & Steve HollandTeleplay by: Steven Molaro & Maria Ferrari & Adam Faberman,2013-02-07,3X7615,18980000,8.2,3180,"Leonard moves in with Penny after a fight with Sheldon, which causes Amy to want to move in with Sheldon. Meanwhile, Raj has a frightening experience with Howard's mother."
6,16,127,The Tangible Affection Proof,Mark Cendrowski,Story by: Chuck Lorre & Bill Prady & Steve HollandTeleplay by: Steven Molaro & Jim Reynolds & Tara Hernandez,2013-02-14,3X7616,17890000,7.9,3101,"Sheldon gets Alex to buy a Valentine's Day gift for Amy. Leonard, Penny, Howard and Bernadette have a disastrous dinner together. Raj and Stuart host a ""Lonely People"" party at the comic book store."
6,17,128,The Monster Isolation,Mark Cendrowski,Story by: Chuck Lorre & Dave Goetsch & Maria FerrariTeleplay by: Steven Molaro & Eric Kaplan & Steve Holland,2013-02-21,3X7617,17620000,7.6,2952,"Raj falls apart after his date sneaks out on him, and Sheldon reluctantly returns the favor after Penny helps him out with his ""Fun With Flags"" program."
6,18,129,The Contractual Obligation Implementation,Mark Cendrowski,Story by: Chuck Lorre & Eric Kaplan & Steve HollandTeleplay by: Steven Molaro & Jim Reynolds & Maria Ferrari,2013-03-07,3X7618,17630000,7.7,3039,"Leonard, Sheldon and Howard give lectures on science to junior high students. The girls ditch work to go to Disneyland. Raj devises a date for Lucy that fixes their social anxiety problems."
6,19,130,The Closet Reconfiguration,Anthony Rich,Story by: Chuck Lorre & Jim Reynolds & Maria FerrariTeleplay by: Steven Molaro & Steve Holland & Eric Kaplan,2013-03-14,3X7619,15900000,8.1,3195,Howard becomes upset when Sheldon finds a letter from his estranged father whilst cleaning out his and Bernadette's closet.
6,20,131,The Tenure Turbulence,Mark Cendrowski,Story by: Steven Molaro & Eric Kaplan & Maria FerrariTeleplay by: Chuck Lorre & Steve Holland & Jim Reynolds,2013-04-04,3X7620,17240000,8,3097,"Leonard, Sheldon, Raj and Kripke battle for tenure at the university."
6,21,132,The Closure Alternative,Mark Cendrowski,Story by: Chuck Lorre & Bill Prady & Tara HernandezTeleplay by: Steven Molaro & Jim Reynolds & Steve Holland,2013-04-25,3X7621,15050000,8,3055,Amy tries to help a depressed Sheldon find closure when one of his favorite TV shows is canceled. Raj becomes paranoid when he finds Lucy's blog.
6,22,133,The Proton Resurgence,Mark Cendrowski,Story by: Chuck Lorre & Jim Reynolds & Steve HollandTeleplay by: Steven Molaro & Eric Kaplan & Maria Ferrari,2013-05-02,3X7622,16290000,8,3157,Bernadette and Howard offer to watch Raj's dog and live to regret it. Leonard and Sheldon hire their favorite childhood star to make an appearance.
6,23,134,The Love Spell Potential,Anthony Rich,Story by: Chuck Lorre & Jim Reynolds & Maria FerrariTeleplay by: Steven Molaro & Eric Kaplan & Steve Holland,2013-05-09,3X7623,16300000,8.1,3211,"A date between Raj and Lucy takes both of them out of their comfort zones. After a trip to Las Vegas goes awry, the girls join in on a Dungeons and Dragons game, which causes Amy and Sheldon to re-evaluate their relationship."
6,24,135,The Bon Voyage Reaction,Mark Cendrowski,Story by: Steven Molaro & Steve Holland & Tara HernandezTeleplay by: Chuck Lorre & Jim Reynolds & Maria Ferrari,2013-05-16,3X7624,15480000,7.8,3029,"Penny is thrown for a loop when Leonard is offered a job overseas, but the news is an even bigger shock to Sheldon. Raj and Lucy's relationship comes to a crossroad."
7,1,136,The Hofstadter Insufficiency,Mark Cendrowski,Story by: Chuck Lorre & Steven Molaro & Tara HernandezTeleplay by: Eric Kaplan & Jim Reynolds & Steve Holland,2013-09-26,4X5301,18990000,7.8,3419,Sheldon and Penny bond over missing Leonard. Howard tries to help Raj get over his breakup with Lucy. Amy and Bernadette take a trip together to a biology convention.
7,2,137,The Deception Verification,Mark Cendrowski,Story by: Chuck Lorre & Eric Kaplan & Jim ReynoldsTeleplay by: Steven Molaro & Steve Holland & Maria Ferrari,2013-09-26,4X5302,20440000,8,3374,Sheldon feels betrayed when Leonard returns from the North Sea and wants to spend his time with Penny instead of him. Howard's latest foray into helping his mother has some disastrous side effects.
7,3,138,The Scavenger Vortex,Mark Cendrowski,Story by: Dave Goetsch & Eric Kaplan & Steve HollandTeleplay by: Steven Molaro & Jim Reynolds & Maria Ferrari,2013-10-03,4X5303,18220000,8.7,4048,The gang get competitive when they are forced to take part in Raj's scavenger hunt.
7,4,139,The Raiders Minimization,Mark Cendrowski,Story by: Chuck Lorre & Jim Reynolds & Tara HernandezTeleplay by: Steven Molaro & Steve Holland & Maria Ferrari,2013-10-10,4X5304,17640000,7.9,3098,"Sheldon gets mad at Amy for ruining one of his favorite movies, Raj and Stuart try to make their online dating profiles more appealing, and Leonard tries to play the sympathy card with Penny."
7,5,140,The Workplace Proximity,Mark Cendrowski,Story by: Steven Molaro & Steve Holland & Maria FerrariTeleplay by: Chuck Lorre & Eric Kaplan & Jim Reynolds,2013-10-17,4X5305,17800000,7.7,2956,"After a fight with Bernadette, Howard ends up on Raj's couch. Sheldon and Amy clash when Amy takes a job at the university."
7,6,141,The Romance Resonance,Mark Cendrowski,Story by: Eric Kaplan & Jim Reynolds & Tara HernandezTeleplay by: Steven Molaro & Steve Holland & Maria Ferrari,2013-10-24,4X5306,16980000,8.4,3527,Howard plans something special to celebrate the anniversary of his first date with Bernadette. Sheldon is conflicted when he makes a major scientific breakthrough but some details have to be corrected.
7,7,142,The Proton Displacement,Mark Cendrowski,Story by: Chuck Lorre & Maria Ferrari & Anthony Del BroccoloTeleplay by: Steven Molaro & Eric Kaplan & Jim Reynolds,2013-11-07,4X5307,16890000,7.8,3011,"Sheldon seeks payback when Arthur ""Professor Proton"" Jeffries asks Leonard for help on a project instead of him. Raj gets upset at Howard for crashing his night with the girls."
7,8,143,The Itchy Brain Simulation,Mark Cendrowski,Story by: Steven Molaro & Bill Prady & Jim ReynoldsTeleplay by: Eric Kaplan & Steve Holland & Maria Ferrari,2013-11-14,4X5308,18300000,7.6,2984,"Sheldon demands Leonard make up for a mistake from their past. Penny confronts Raj's ex-girlfriend, Lucy."
7,9,144,The Thanksgiving Decoupling,Mark Cendrowski,Story by: Eric Kaplan & Steve Holland & Maria FerrariTeleplay by: Steven Molaro & Jim Reynolds & Jeremy Howe,2013-11-21,4X5309,18940000,8.8,4134,"The gang spend Thanksgiving at Mrs. Wolowitz's house. Howard tries to bond with his father-in-law, and a mistake from Penny's past comes back to haunt her."
7,10,145,The Discovery Dissipation,Mark Cendrowski,Story by: Eric Kaplan & Jim Reynolds & Maria FerrariTeleplay by: Steven Molaro & Steve Holland & Adam Faberman,2013-12-05,4X5310,15630000,7.6,2795,Leonard has to deal with the fallout of disproving Sheldon's new scientific discovery. Raj spends a week at Howard and Bernadette's apartment.
7,11,146,The Cooper Extraction,Mark Cendrowski,Story by: Steven Molaro & Eric Kaplan & Maria FerrariTeleplay by: Jim Reynolds & Steve Holland & Tara Hernandez,2013-12-12,4X5311,17680000,8.2,3125,"While Sheldon is at home in Texas, the rest of the gang decorate for Christmas and think about how much he has affected their lives."
7,12,147,The Hesitation Ramification,Mark Cendrowski,Story by: Dave Goetsch & Jim Reynolds & Tara HernandezTeleplay by: Steven Molaro & Steve Holland & Maria Ferrari,2014-01-02,4X5312,19200000,7.5,2859,"After Leonard tries to help Penny following a failed role on a TV show, she makes an important decision. Meanwhile, Raj and Stuart try to practice their social skills, and Sheldon navigates the intricacies of being funny."
7,13,148,The Occupation Recalibration,Mark Cendrowski,Story by: Eric Kaplan & Maria Ferrari & Tara HernandezTeleplay by: Steven Molaro & Jim Reynolds & Steve Holland,2014-01-09,4X5313,20350000,7.6,2835,Sheldon tries to relax after he is forced to take a vacation. Leonard struggles to be supportive of Penny after she quits her job. Amy receives unwanted attention from a co-worker. Bernadette seeks Stuart's help in replacing one of Howard's comic books.
7,14,149,The Convention Conundrum,Mark Cendrowski,Story by: Eric Kaplan & Jim Reynolds & Adam FabermanTeleplay by: Steven Molaro & Dave Goetsch & Steve Holland,2014-01-30,4X5315,19050000,8,3064,"When the guys can't get hold of any Comic-Con tickets, Sheldon tries to hold his own convention and ends up spending a wild night with James Earl Jones. Meanwhile, the girls try to feel more mature by going to a fancy hotel for tea."
7,15,150,The Locomotive Manipulation,Mark Cendrowski,Story by: Jim Reynolds & Steve Holland & Tara HernandezTeleplay by: Steven Molaro & Eric Kaplan & Maria Ferrari,2014-02-06,4X5314,17530000,8.2,3254,Sheldon and Amy take a train ride to Napa Valley with Howard and Bernadette on Valentine's Day. Leonard and Penny take Raj's dog to the vet when she accidentally eats some chocolate.
7,16,151,The Table Polarization,Gay Linvill,Story by: Steven Molaro & Maria Ferrari & Tara HernandezTeleplay by: Chuck Lorre & Jim Reynolds & Steve Holland,2014-02-27,4x5316,17730000,7.6,2733,"Leonard's purchase of a dining room table causes Sheldon to reevaluate the changes in his life. Meanwhile, Howard is offered a chance to go back to space and Bernadette struggles with whether or not to encourage him."
7,17,152,The Friendship Turbulence,Mark Cendrowski,Story by: Steven Molaro & Eric Kaplan & Tara HernandezTeleplay by: Jim Reynolds & Steve Holland & Maria Ferrari,2014-03-06,4X5318,18090000,7.5,2704,"After arguing with Sheldon, Howard tries to make amends by taking him to NASA headquarters in Houston. Penny has second thoughts about quitting her waitressing job when her car dies. Amy gets involved in trying to find Raj a date."
7,18,153,The Mommy Observation,Mark Cendrowski,Story by: Jim Reynolds & Steve Holland & Maria FerrariTeleplay by: Steven Molaro & Eric Kaplan & Anthony Del Broccolo,2014-03-13,4x5319,17340000,7.5,2773,"When Sheldon visits his mother in Houston, he is forced to confront a new reality. Back in Pasadena, the rest of the gang reluctantly take part in Raj's Murder Mystery party."
7,19,154,The Indecision Amalgamation,Anthony Rich,Story by: Bill Prady & Eric Kaplan & Jim ReynoldsTeleplay by: Steven Molaro & Dave Goetsch & Steve Holland,2014-04-03,4x5320,17730000,8.1,3005,"While Raj is wracked with guilt when he tries to date Lucy and Emily at the same time, Penny wrestles with whether to take a role in a cheesy movie and Sheldon is torn trying to choose between two gaming systems."
7,20,155,The Relationship Diremption,Mark Cendrowski,Story by: Steven Molaro & Bill Prady & Jim ReynoldsTeleplay by: Chuck Lorre & Eric Kaplan & Steve Holland,2014-04-10,4X5321,16490000,8,2817,"Penny tries to help Sheldon when he reconsiders his ""relationship"" with String Theory. During a dinner with Howard and Bernadette, Raj discovers Howard once embarrassed himself on a date with Emily."
7,21,156,The Anything Can Happen Recurrence,Mark Cendrowski,Story by: Steven Molaro & Eric Kaplan & Adam FabermanTeleplay by: Jim Reynolds & Steve Holland & Tara Hernandez,2014-04-24,4x5322,16440000,7.6,2670,"When Sheldon tries to be spontaneous, it leads to unexpected friction between the girls. Meanwhile, Raj seeks Howard's help in preparing for a date with Emily."
7,22,157,The Proton Transmogrification,Mark Cendrowski,Story by: Jim Reynolds & Maria Ferrari & Jeremy HoweTeleplay by: Steven Molaro & Eric Kaplan & Steve Holland,2014-05-01,4X5317[170],16070000,7.7,2816,"As the gang celebrate Star Wars Day, Sheldon has difficulty dealing with the recent death of Arthur ""Professor Proton"" Jeffries."
7,23,158,The Gorilla Dissolution,Peter Chakos,Story by: Chuck Lorre & Jim Reynolds & Jeremy HoweTeleplay by: Steven Molaro & Steve Holland & Eric Kaplan,2014-05-08,4x5323,14420000,7.9,2809,Penny gets fired from her movie and takes a serious look at her life. Raj sees Emily on a date with another man at the movies. Howard and Bernadette have to take care of his mother after she breaks her leg.
7,24,159,The Status Quo Combustion,Mark Cendrowski,Story by: Eric Kaplan & Jim Reynolds & Jeremy HoweTeleplay by: Steven Molaro & Steve Holland & Tara Hernandez,2014-05-15,4X5324,16730000,8,2881,"Sheldon gets upset about his career, the destruction of the comic book store and Leonard and Penny's future living arrangements. Howard and Bernadette struggle to keep hold of a caregiver for Mrs. Wolowitz."
8,1,160,The Locomotion Interruption,Mark Cendrowski,Story by: Jim Reynolds & Maria Ferrari & Tara HernandezTeleplay by: Steven Molaro & Steve Holland & Eric Kaplan,2014-09-22,4X6751,18080000,7.2,3365,"Sheldon's trip comes to an end when he is robbed, Penny interviews for a job at Bernadette's company, and Howard is weirded out by his mother's relationship with Stuart."
8,2,161,The Junior Professor Solution,Mark Cendrowski,Story by: Steven Molaro & Eric Kaplan & Steve HollandTeleplay by: Jim Reynolds & Maria Ferrari & Tara Hernandez,2014-09-22,4X6752,18300000,7.6,3118,"Sheldon is forced to teach a class as a Junior Professor. Meanwhile, Amy plays both sides when tension arises between Penny and Bernadette."
8,3,162,The First Pitch Insufficiency,Mark Cendrowski,Story by: Chuck Lorre & Jim Reynolds & Anthony Del BroccoloTeleplay by: Steven Molaro & Steve Holland & Maria Ferrari,2014-09-29,4X6753,18440000,7.1,3047,"Howard becomes nervous after NASA asks him to throw out the first pitch at a Los Angeles Angels game. Meanwhile, Leonard and Penny try to prove Sheldon wrong when he says that he and Amy have a 'superior' relationship."
8,4,163,The Hook-up Reverberation,Mark Cendrowski,Story by: Steve Holland & Maria Ferrari & Tara HernandezTeleplay by: Steven Molaro & Eric Kaplan & Jim Reynolds,2014-10-06,4X6754,17940000,7.2,2868,"Raj's honesty about his past comes back to haunt him after Emily takes a dislike to Penny. Meanwhile, the guys consider investing in the comic book store."
8,5,164,The Focus Attenuation,Mark Cendrowski,Story by: Jim Reynolds & Maria Ferrari & Adam FabermanTeleplay by: Steven Molaro & Eric Kaplan & Steve Holland,2014-10-13,4X6755,17630000,7.5,2946,"The girls head to Las Vegas, while the guys try to invent something cool, but only come up with new ways to procrastinate."
8,6,165,The Expedition Approximation,Mark Cendrowski,Story by: Steven Molaro & Dave Goetsch & Tara HernandezTeleplay by: Jim Reynolds & Steve Holland & Maria Ferrari,2014-10-20,4X6756,18020000,7.2,2813,"Sheldon and Raj test whether they could survive a dark-matter research expedition in a salt mine by simulating the conditions in a steam tunnel. Meanwhile, Leonard and Penny seek advice from Howard and Bernadette when they argue about money."
8,7,166,The Misinterpretation Agitation,Mark Cendrowski,Story by: Chuck Lorre & Eric Kaplan & Jim ReynoldsTeleplay by: Steven Molaro & Steve Holland & Maria Ferrari,2014-10-30,4X6758,18250000,7.7,3095,"The guys befriend one of Penny's clients when he shows up at her apartment. Meanwhile, Bernadette gets upset when Amy torpedoes an article about her for a local magazine."
8,8,167,The Prom Equivalency,Mark Cendrowski,Story by: Jim Reynolds & Steve Holland & Jeremy HoweTeleplay by: Steven Molaro & Eric Kaplan & Maria Ferrari,2014-11-06,4X6757,18560000,8,3084,"The girls decide to re-enact their high school proms with the guys. While Sheldon feels under pressure to commit to his relationship with Amy, Howard worries about who Stuart will bring as his date."
8,9,168,The Septum Deviation,Anthony Rich,Story by: Steven Molaro & Bill Prady & Maria FerrariTeleplay by: Eric Kaplan & Steve Holland & Tara Hernandez,2014-11-13,4X6759,16900000,7.5,2739,Sheldon panics when Leonard announces he has to go into the hospital for surgery. Raj discovers his parents have divorced.
8,10,169,The Champagne Reflection,Mark Cendrowski,Story by: Steven Molaro & Tara Hernandez & David Saltzberg & Ph.DTeleplay by: Jim Reynolds & Steve Holland & Dave Goetsch,2014-11-20,4X6760,16610000,7,2805,"While Sheldon retires ""Fun With Flags"", Leonard, Howard and Raj look for something significant in a dead professor's research, and Bernadette finds out what her colleagues really think of her."
8,11,170,The Clean Room Infiltration,Mark Cendrowski,Story by: Maria Ferrari & Tara Hernandez & Jeremy HoweTeleplay by: Eric Kaplan & Jim Reynolds & Steve Holland,2014-12-11,4X6761,18490000,7.4,2715,"Amy hosts a traditional Victorian Christmas Eve dinner as Raj's father comes to visit, while the guys try to shoo out a bird they let into the university clean room."
8,12,171,The Space Probe Disintegration,Mark Cendrowski,Story by: Bill Prady & Eric Kaplan & Jim ReynoldsTeleplay by: Steven Molaro & Steve Holland & Maria Ferrari,2015-01-08,4X6762,18110000,7.2,2620,"Raj worries a probe he designed will not work in outer space, while Leonard and Sheldon go shopping with Penny and Amy."
8,13,172,The Anxiety Optimization,Mark Cendrowski,Story by: Eric Kaplan & Maria Ferrari & Adam FabermanTeleplay by: Jim Reynolds & Steve Holland & Tara Hernandez,2015-01-29,4X6763,17250000,7.4,2616,"When Sheldon becomes stuck in a rut with his work, the gang try to help him by raising his stress levels. Howard teases Raj with a game called ""Emily or Cinnamon."""
8,14,173,The Troll Manifestation,Mark Cendrowski,Story by: Steven Molaro & Eric Kaplan & Tara HernandezTeleplay by: Jim Reynolds & Steve Holland & Maria Ferrari,2015-02-05,4X6765,17090000,8,2843,"Leonard and Sheldon defend themselves against criticism from an online bully, while the girls confront embarrassing moments from their pasts."
8,15,174,The Comic Book Store Regeneration,Mark Cendrowski,Story by: Jim Reynolds & Maria Ferrari & Jeremy HoweTeleplay by: Steven Molaro & Eric Kaplan & Steve Holland,2015-02-19,4X6764,17490000,8.1,2875,"Howard receives some shocking news as everyone prepares for the re-opening of the comic book store. Meanwhile, Penny tries to teach Sheldon how to ""let it go,"" but can't follow her own advice when she learns something infuriating about Amy."
8,16,175,The Intimacy Acceleration,Mark Cendrowski,Story by: Dave Goetsch & Eric Kaplan & Tara HernandezTeleplay by: Steven Molaro & Jim Reynolds & Steve Holland,2015-02-26,4X6766,16670000,7.9,2723,"Sheldon and Penny agree to participate in an unusual experiment. Leonard, Amy, Raj and Emily spend the evening trying to escape a room with a ""zombie"". Howard and Bernadette run into trouble at the airport after returning from Mrs. Wolowitz's funeral."
8,17,176,The Colonization Application,Mark Cendrowski,Story by: Dave Goetsch & Jim Reynolds & Tara HernandezTeleplay by: Steven Molaro & Eric Kaplan & Maria Ferrari,2015-03-05,4X6767,18170000,7.5,2572,"A trip to the pet store ends in a fight after Amy learns Sheldon has applied for a one-way mission to colonize Mars. Meanwhile, Leonard surprises Penny with a very ""adult"" purchase, and Raj gets into trouble when he snoops around Emily's apartment."
8,18,177,The Leftover Thermalization,Mark Cendrowski,Story by: Steven Molaro & Maria Ferrari & Jeremy HoweTeleplay by: Eric Kaplan & Jim Reynolds & Steve Holland,2015-03-12,4X6768,18130000,7.4,2543,"Tension arises when a magazine fails to mention Leonard in an article about the paper he co-wrote with Sheldon, and a blackout at Mrs. Wolowitz's home leads to a final family dinner in her honor."
8,19,178,The Skywalker Incursion,Mark Cendrowski,Story by: Jim Reynolds & Tara Hernandez & Jeremy HoweTeleplay by: Steven Molaro & Steve Holland & Maria Ferrari,2015-04-02,4X6769,16890000,7.6,2552,"When Leonard and Sheldon are invited to speak at UC Berkeley, they take a detour to try and meet one of their idols. Meanwhile, while cleaning out Mrs. Wolowitz's house, a ping pong battle ensues when Howard and Bernadette argue over the fate of his TARDIS."
8,20,179,The Fortification Implementation,Mark Cendrowski,Story by: Jim Reynolds & Saladin Patterson & Tara HernandezTeleplay by: Steven Molaro & Steve Holland & Maria Ferrari,2015-04-09,4X6770,16780000,7.5,2534,Howard meets the half-brother he never knew he had. Penny is invited to appear on Wil Wheaton's podcast.
8,21,180,The Communication Deterioration,Mark Cendrowski,Story by: Dave Goetsch & Steve Holland & Jeremy HoweTeleplay by: Steven Molaro & Eric Kaplan & Jim Reynolds,2015-04-16,4X6771,16020000,7.1,2482,"When Raj is asked to create a message on the off chance a NASA mission discovers alien life, the guys fight over what he should do, while Penny contemplates returning to acting."
8,22,181,The Graduation Transmission,Anthony Rich,Story by: Chuck Lorre & Dave Goetsch & Anthony Del BroccoloTeleplay by: Steven Molaro & Steve Holland & Eric Kaplan,2015-04-23,4X6772,16630000,7.3,2525,Howard questions his engineering abilities when he and Sheldon can't get a toy drone to fly. A cancelled flight nearly prevents Leonard from giving the commencement address at his former high school. Raj pits his parents against each other when his father cuts him off financially.
8,23,182,The Maternal Combustion,Anthony Rich,Story by: Steven Molaro & Tara Hernandez & Jeremy HoweTeleplay by: Chuck Lorre & Jim Reynolds & Maria Ferrari,2015-04-30,4X6773,15850000,7.5,2575,Personalities collide when Leonard and Sheldon's mothers meet for the first time. Bernadette reaches her limit with Howard and Stuart.
8,24,183,The Commitment Determination,Mark Cendrowski,Story by: Chuck Lorre & Jim Reynolds & Maria FerrariTeleplay by: Steven Molaro & Steve Holland & Eric Kaplan,2015-05-07,4X6774,17640000,7.9,2993,"As Sheldon presses Leonard and Penny to set a wedding date, he encounters major changes in his relationship with Amy. Meanwhile, Raj wonders if he should break up with Emily, and Howard and Bernadette struggle to ask Stuart to move out."
9,1,184,The Matrimonial Momentum,Mark Cendrowski,Story by: Chuck Lorre & Jim Reynolds & Maria FerrariTeleplay by: Steven Molaro & Steve Holland & Eric Kaplan,2015-09-21,4X7201,18200000,6.8,3331,"Penny struggles with Leonard's confession that he kissed another woman as they prepare to get married in Las Vegas. Meanwhile, Sheldon doesn't know what to do after Amy pushes pause on their relationship."
9,2,185,The Separation Oscillation,Mark Cendrowski,Story by: Steven Molaro & Steve Holland & Tara HernandezTeleplay by: Chuck Lorre & Jim Reynolds & Maria Ferrari,2015-09-28,4X7202,17230000,7.4,2795,"Leonard and Penny try to work through their marital issues. Meanwhile, Sheldon films a special episode of ""Fun with Flags"" after his breakup with Amy, and Bernadette feels guilty about withholding a secret from Penny."
9,3,186,The Bachelor Party Corrosion,Mark Cendrowski,Story by: Dave Goetsch & Jim Reynolds & Jeremy HoweTeleplay by: Steven Molaro & Steve Holland & Eric Kaplan,2015-10-05,4X7203,17400000,7.7,2843,The guys's skills are put to the test when they get a flat tire on the way to Mexico for Leonard's bachelor party. The girls throw Penny a mini-bachelorette party.
9,4,187,The 2003 Approximation,Mark Cendrowski,Story by: Chuck Lorre & Steve Holland & Eric KaplanTeleplay by: Steven Molaro & Maria Ferrari & Tara Hernandez,2015-10-12,4X7204,16960000,7.4,2670,"An impending change to his living arrangements inspires Sheldon to revert to 2003, before he met Penny and Leonard. Raj and Howard form a band for the comic book store."
9,5,188,The Perspiration Implementation,Mark Cendrowski,Story by: Chuck Lorre & Eric Kaplan & Maria FerrariTeleplay by: Steven Molaro & Jim Reynolds & Saladin K. Patterson,2015-10-19,4X7205,17680000,7.4,2590,"Kripke expresses interest in Amy while leading a fencing lesson for the guys. Meanwhile, Stuart seeks help from the girls in getting more women interested in the comic book store."
9,6,189,The Helium Insufficiency,Mark Cendrowski,Story by: Steve Holland & Maria Ferrari & Anthony Del BroccoloTeleplay by: Steven Molaro & Eric Kaplan & Jim Reynolds,2015-10-26,4X7207,18320000,7.2,2643,"Leonard and Sheldon go to great lengths to secure the helium they need during a nation-wide shortage. Meanwhile, the rest of the gang try to find Amy a new boyfriend on a dating app."
9,7,190,The Spock Resonance,Nikki Lorre,Story by: Chuck Lorre & Jim Reynolds & Tara HernandezTeleplay by: Steven Molaro & Steve Holland & Jeremy Howe,2015-11-05,4X7206,18810000,8,2724,"While being interviewed for a documentary about Spock from Star Trek (1966), Sheldon struggles to suppress his emotions about his recent break-up from Amy. Meanwhile, Howard and Bernadette butt heads over renovating his mother's house."
9,8,191,The Mystery Date Observation,Mark Cendrowski,Story by: Steven Molaro & Eric Kaplan & Jim ReynoldsTeleplay by: Chuck Lorre & Steve Holland & Tara Hernandez,2015-11-12,4X7208,17920000,8,2729,"Sheldon, Howard and Raj post an ad online to find a new girlfriend for Sheldon. Penny and Bernadette decide to spy when Amy is secretive about who she is dating."
9,9,192,The Platonic Permutation,Mark Cendrowski,Story by: Jim Reynolds & Jeremy Howe & Tara HernandezTeleplay by: Steve Holland & Maria Ferrari & Adam Faberman,2015-11-19,4X7209,18190000,7.8,2668,"On Thanksgiving, Sheldon and Amy try to spend time together as friends and go to an aquarium, Howard reluctantly agrees to volunteer at the soup kitchen with Bernadette, Raj and Emily, and Penny discovers that Leonard knows more about her than she thought."
9,10,193,The Earworm Reverberation,Mark Cendrowski,Story by: Eric Kaplan & Jim Reynolds & Saladin K. PattersonTeleplay by: Steven Molaro & Steve Holland & Jeremy Howe,2015-12-10,4X7210,19270000,8.3,3089,"Sheldon has a revelation when he realizes why a song was stuck in his head. Meanwhile, Amy invites Dave over for dinner despite their previously awkward date, and Howard and Raj become obsessed with a fan of their band."
9,11,194,The Opening Night Excitation,Mark Cendrowski,Story by: Steven Molaro & Eric Kaplan & Tara HernandezTeleplay by: Steve Holland & Jim Reynolds & Maria Ferrari,2015-12-17,4X7211,18230000,9,4706,"Leonard, Howard and Raj have to decide who will take their extra Star Wars movie ticket, while Sheldon plans something special for Amy's birthday."
9,12,195,The Sales Call Sublimation,Mark Cendrowski,Story by: Steve Holland & Jim Reynolds & Saladin K. PattersonTeleplay by: Steven Molaro & Maria Ferrari & Anthony Del Broccolo,2016-01-07,4X7212,17850000,7.4,2447,"Penny gets more than she bargained for when Leonard agrees to meet with a psychiatrist on her behalf to make a sale. Meanwhile, Sheldon and Raj collaborate on an astronomical discovery, and Howard and Bernadette's happiness is short-lived after Stuart moves out."
9,13,196,The Empathy Optimization,Mark Cendrowski,Story by: Chuck Lorre & Eric Kaplan & Dave GoetschTeleplay by: Steven Molaro & Steve Holland & Saladin K. Patterson,2016-01-14,4X7213,16750000,7.4,2466,"After being forced to deal with a sick Sheldon, the rest of the gang try to treat themselves to a Sheldon-free weekend."
9,14,197,The Meemaw Materialization,Mark Cendrowski,Story by: Chuck Lorre & Jim Reynolds & Maria FerrariTeleplay by: Steven Molaro & Steve Holland & Tara Hernandez,2016-02-04,4X7214,17290000,7.5,2490,"Sheldon is thrilled when his Meemaw comes to visit, but his excitement quickly fades when she butts heads with Amy. Meanwhile, Raj meets a girl at the comic book store who makes him question his relationship with Emily."
9,15,198,The Valentino Submergence,Mark Cendrowski,Story by: Steven Molaro & Jim Reynolds & Tara HernandezTeleplay by: Steve Holland & Eric Kaplan & Jeremy Howe,2016-02-11,4X7215,18250000,7.5,2451,"Sheldon and Amy host a Valentine's Day episode of ""Fun with Flags"", Leonard and Penny grapple with getting older, Howard and Bernadette find a surprise in their hot tub and Raj is torn between Emily and Claire."
9,16,199,The Positive Negative Reaction,Mark Cendrowski,Story by: Eric Kaplan & Jim Reynolds & Saladin K. PattersonTeleplay by: Steven Molaro & Steve Holland & Maria Ferrari,2016-02-18,4X7216,19060000,7.4,2543,Bernadette reveals her pregnancy to Howard and the rest of the gang.
9,17,200,The Celebration Experimentation,Mark Cendrowski,Story by: Chuck Lorre & Eric Kaplan & Jeremy HoweTeleplay by: Steven Molaro & Steve Holland & Tara Hernandez,2016-02-25,4X7217,18940000,7.5,2564,The gang convinces Sheldon to celebrate his birthday and throw him a party.
9,18,201,The Application Deterioration,Mark Cendrowski,Story by: Steven Molaro & Eric Kaplan & Adam FabermanTeleplay by: Steve Holland & Jim Reynolds & Maria Ferrari,2016-03-10,4X7218,18680000,7.5,2411,"Leonard, Sheldon, and Howard run into problems when they file for a patent for their infinite persistence gyroscope. Meanwhile, the girls give Raj dating advice when Emily reaches out to him after their breakup."
9,19,202,The Solder Excursion Diversion,Mark Cendrowski,Story by: Bill Prady & Eric Kaplan & Maria FerrariTeleplay by: Steven Molaro & Steve Holland & Saladin K. Patterson,2016-03-31,4X7219,17240000,7.4,2333,"Amy is shocked at a revelation from Sheldon after she buys him a new laptop. Meanwhile, Raj sells out Leonard and Howard after they lie to their wives in order to attend an early screening of a movie."
9,20,203,The Big Bear Precipitation,Mark Cendrowski,Story by: Chuck Lorre & Dave Goetsch & Tara HernandezTeleplay by: Steven Molaro & Steve Holland & Jim Reynolds,2016-04-07,4X7220,17500000,7.4,2290,Secrets are revealed when Amy and Sheldon join Penny and Leonard on a weekend cabin trip. Raj is more excited about Howard's and Bernadette's impending parenthood than they are.
9,21,204,The Viewing Party Combustion,Mark Cendrowski,Story by: Eric Kaplan & Maria Ferrari & Jeremy HoweTeleplay by: Steven Molaro & Steve Holland & Tara Hernandez,2016-04-21,4X7221,17160000,7.4,2302,"The gang pick sides when a small argument between Leonard and Sheldon erupts into a heated fight during a ""Game of Thrones"" viewing party."
9,22,205,The Fermentation Bifurcation,Nikki Lorre,Story by: Steven Molaro & Jim Reynolds & Anthony Del BroccoloTeleplay by: Chuck Lorre & Steve Holland & Tara Hernandez,2016-04-28,4X7222,16130000,7.4,2241,"Sheldon and Bernadette spend the evening together while the rest of the gang go to a wine tasting party, but things get uncomfortable for Raj when Penny's ex-boyfriend Zack shows up and takes an interest in Claire."
9,23,206,The Line Substitution Solution,Anthony Rich,Story by: Steve Holland & Saladin K. Patterson & Tara HernandezTeleplay by: Steven Molaro & Eric Kaplan & Maria Ferrari,2016-05-05,4X7223,15220000,7.4,2250,"Sheldon hires Stuart to spend the day with Amy when he would rather go to the movies. Meanwhile, Penny struggles to make a connection with Leonard's mother when she comes to visit."
9,24,207,The Convergence Convergence,Mark Cendrowski,Story by: Steven Molaro & Tara Hernandez & Adam FabermanTeleplay by: Chuck Lorre & Steve Holland & Jeremy Howe,2016-05-12,4X7224,16730000,7.8,2571,"Leonard and Penny try to have a wedding ceremony that everyone can attend, but it creates serious conflict among Sheldon's mother and Leonard's divorced parents. Meanwhile, Howard and Raj become convinced the government is out to get them."
10,1,208,The Conjugal Conjecture,Mark Cendrowski,Story by: Chuck Lorre & Steve Holland & Tara HernandezTeleplay by: Steven Molaro & Eric Kaplan & Jim Reynolds,2016-09-19,T12.15303,18820000,7.7,3050,"As Leonard and Penny attempt to hold another wedding ceremony everyone can attend, they have to deal with Penny's family arriving and Leonard's father spending the night with Sheldon's mother."
10,2,209,The Military Miniaturization,Mark Cendrowski,Story by: Chuck Lorre & Eric Kaplan & Jim ReynoldsTeleplay by: Steven Molaro & Steve Holland & Maria Ferrari,2016-09-26,T12.15301,17240000,7.3,2452,Howard is visited by an Air Force colonel regarding his invention. Penny accidentally lets it slip about Bernadette's pregnancy to their co-workers.
10,3,210,The Dependence Transcendence,Mark Cendrowski,Story by: Steven Molaro & Saladin K. Patterson & Tara HernandezTeleplay by: Steve Holland & Maria Ferrari & Jeremy Howe,2016-10-03,T12.15302,17320000,7.2,2345,"Bernadette confesses to Raj that she isn't sure if she's ready to be a mother, Penny accompanies Amy to a university mixer, and Sheldon goes to unusual extremes to assist Howard with his military project."
10,4,211,The Cohabitation Experimentation,Mark Cendrowski,Story by: Chuck Lorre & Dave Goetsch & Maria FerrariTeleplay by: Steven Molaro & Steve Holland & Tara Hernandez,2016-10-10,T12.15304,16410000,7.9,2594,"When Amy must vacate her apartment for repairs, living arrangements are made with Leonard, Sheldon, and Penny. Howard and Bernadette don't want to know the sex of their baby, but Raj finds out."
10,5,212,The Hot Tub Contamination,Mark Cendrowski,Story by: Chuck Lorre & Maria Ferrari & Tara HernandezTeleplay by: Steve Holland & Eric Kaplan & Jim Reynolds,2016-10-17,T12.15305,18200000,7.4,2309,"Sheldon and Amy go through a period of adjustment with their new living arrangement. Howard and Bernadette are forced to vacation at home when she falls ill and keep it a secret, unaware Raj and Stuart planned to use their hot tub."
10,6,213,The Fetal Kick Catalyst,Mark Cendrowski,Story by: Steve Holland & Tara Hernandez & Jeremy HoweTeleplay by: Steven Molaro & Saladin K. Patterson & Anthony Del Broccolo,2016-10-27,T12.15306,17310000,7.4,2352,"Sheldon and Amy host a brunch. Penny is surprised by her popularity when her movie, ""Serial Ape-Ist"" is featured at a Van Nuys comic book convention. Howard starts to freak out about parenthood after feeling the baby kick for the first time."
10,7,214,The Veracity Elasticity,Mark Cendrowski,Story by: Steven Molaro & Eric Kaplan & Maria FerrariTeleplay by: Steve Holland & Jim Reynolds & Adam Faberman,2016-11-03,T12.15307,18180000,8,2503,Amy doesn't tell Sheldon her apartment has been repaired. Leonard finds out Penny is slowly moving all of his collectible toys into storage.
10,8,215,The Brain Bowl Incubation,Mark Cendrowski,Story by: Chuck Lorre & Steve Holland & Saladin K. PattersonTeleplay by: Steven Molaro & Maria Ferrari & Tara Hernandez,2016-11-10,T12.15308,17470000,8.1,2598,"A successful gene experimentation leaves Sheldon excited to procreate with Amy, and he pulls out all stops to get her on board. Meanwhile, Raj takes an interest in the cleaning lady at the university."
10,9,216,The Geology Elevation,Mark Cendrowski,Story by: Chuck Lorre & Erik Kaplan & Maria FerrariTeleplay by: Steve Holland & Jim Reynolds & Jeremy Howe,2016-11-17,T12.15309,16340000,7.4,2261,Sheldon can't contain his jealousy when Bert wins a grant for his geology research. A distasteful toy built by Howard faces judgement from the gang.
10,10,217,The Property Division Collision,Mark Cendrowski,Story by: Steve Holland & Bill Prady & Steve GoetschTeleplay by: Steven Molaro & Maria Ferrari & Tara Hernandez,2016-12-01,T12.15310,16540000,7.3,2255,Dividing up their possessions becomes an all-out war between Leonard and Sheldon. Stuart asks to live with Howard and Bernadette and tries to supplant Raj's efforts to help with the new baby.
10,11,218,The Birthday Synchronicity,Nikki Lorre,Story by: Chuck Lorre & Steve Holland & Maria FerrariTeleplay by: Steven Molaro & Eric Kaplan & Tara Hernandez,2016-12-15,T12.15311,16960000,7.6,2313,Amy's desire to have an intimate night with Sheldon on her birthday is interrupted by Bernadette going into labor.
10,12,219,The Holiday Summation,Mark Cendrowski,Story by: Steven Molaro & Eric Kaplan & Tara HernandezTeleplay by: Steve Holland & Maria Ferrari & Jeremy Howe,2017-01-05,T12.15312,17020000,7.3,2324,"After spending the holidays apart, the gang get together to hear about Sheldon's and Amy's trip to Texas, Leonard's and Penny's Christmas tree adventure, and Howard's and Bernadette's first days as parents."
10,13,220,The Romance Recalibration,Mark Cendrowski,Story by: Chuck Lorre & Dave Goetsch & Anthony Del BroccoloTeleplay by: Steven Molaro & Steve Holland & Saladin K. Patterson,2017-01-19,T12.15313,17150000,7,2212,Leonard and Penny ask for Sheldon's and Amy's help on putting the romance back in their marriage. Howard and Raj go to extreme lengths to stop the floor in Halley's bedroom from making noise.
10,14,221,The Emotion Detection Automation,Mark Cendrowski,Story by: Chuck Lorre & Steven Molaro & Eric KaplanTeleplay by: Steve Holland & Jim Reynolds & Saladin K. Patterson,2017-02-02,T12.15314,16660000,7.2,2176,Penny wants to help her brother get a job with her company. Sheldon learns of a machine that will help him understand human emotions. Raj reunites some of his old girlfriends to figure out why he is still single.
10,15,222,The Locomotion Reverberation,Mark Cendrowski,Story by: Chuck Lorre & Steve Holland & Jim ReynoldsTeleplay by: Steven Molaro & Maria Ferrari & Tara Hernandez,2017-02-09,T12.15315,16150000,7.3,2149,Leonard and Howard's attempt to keep Sheldon away from their Air Force project by sending him on a train trip backfires. Penny and Amy take Bernadette for her first night out since having the baby.
10,16,223,The Allowance Evaporation,Mark Cendrowski,Story by: Eric Kaplan & Maria Ferrari & Jeremy HoweTeleplay by: Steven Molaro & Steve Holland & Jim Reynolds,2017-02-16,T12.15316,15510000,7.1,2069,Sheldon and Amy have their first fight since moving in together. Meanwhile Raj is shocked at the reality of financial independence when he stops receiving support from his father.
10,17,224,The Comic-Con Conundrum,Mark Cendrowski,Story by: Eric Kaplan & Saladin K. Patterson & Tara HernandezTeleplay by: Steven Molaro & Steve Holland & Maria Ferrari,2017-02-23,T12.15317,16380000,7.5,2120,The guys' annual trip to Comic Con is in doubt when Raj can't afford to go.
10,18,225,The Escape Hatch Identification,Mark Cendrowski,Story by: Steven Molaro & Eric Kaplan & Anthony Del BroccoloTeleplay by: Steve Holland & Jim Reynolds & Tara Hernandez,2017-03-09,T12.15318,17080000,7.2,2070,"When the gang offer places for Raj to live, it creates unexpected conflict among everyone."
10,19,226,The Collaboration Fluctuation,Mark Cendrowski,Story by: Chuck Lorre & Tara Hernandez & Giuseppe GrazianoTeleplay by: Steven Molaro & Steve Holland & Dave Goetsch,2017-03-30,T12.15319,15780000,7.1,2108,"Leonard, Penny and Raj adjust to their new living arrangements; Sheldon expresses an interest in Amy's work."
10,20,227,The Recollection Dissipation,Mark Cendrowski,Story by: Eric Kaplan & Tara Hernandez & Jeremy HoweTeleplay by: Steven Molaro & Steve Holland & Maria Ferrari,2017-04-06,T12.15320,15590000,7.2,2074,"Sheldon reaches his limit when he works on projects with Leonard, Howard and Amy in one day. Bernadette has doubts about leaving Halley when she goes back to work."
10,21,228,The Separation Agitation,Mark Cendrowski,Story by: Steven Molaro & Jim Reynolds & Maria FerrariTeleplay by: Steve Holland & Tara Hernandez & Jeremy Howe,2017-04-13,T12.15321,16090000,7.2,2110,Howard and Bernadette have a hard time leaving Halley in daycare when Bernadette returns to work. Bert introduces the gang to his new girlfriend.
10,22,229,The Cognition Regeneration,Mark Cendrowski,Story by: Steve Holland & Tara Hernandez & Jeremy HoweTeleplay by: Dave Goetsch & Eric Kaplan & Jim Reynolds,2017-04-27,T12.15322,14520000,6.8,2042,"Leonard is less than thrilled when Penny considers accepting a job offer from her ex-boyfriend, Zack. Sheldon worries that he hasn't reached his full potential soon enough."
10,23,230,The Gyroscopic Collapse,Anthony Rich,Story by: Chuck Lorre & Steve Holland & Alex AyersTeleplay by: Steven Molaro & Jim Reynolds & Saladin K. Patterson,2017-05-04,T12.15323,15390000,7.1,2032,"After celebrating the completion of the top-secret Air Force project, Leonard, Sheldon and Howard get an unwelcome surprise; Amy receives an offer for a summer position at Princeton as a visiting researcher."
10,24,231,The Long Distance Dissonance,Mark Cendrowski,Story by: Steven Molaro & Eric Kaplan & Jim ReynoldsTeleplay by: Chuck Lorre & Steve Holland & Tara Hernandez,2017-05-11,T12.15324,15990000,8.6,2940,"The gang become concerned when Sheldon's former admirer, Ramona Nowitzki, resurfaces while Amy is away at Princeton."
11,1,232,The Proposal Proposal,Mark Cendrowski,Story by: Chuck Lorre & Eric Kaplan & Jeremy HoweTeleplay by: Steve Holland & Maria Ferrari & Tara Hernandez,2017-09-25,T12.15601,17650000,7.6,2604,"Amy has trouble deciding whether or not she should marry Sheldon. Meanwhile, Bernadette confides in Penny when she finds out some huge news."
11,2,233,The Retraction Reaction,Mark Cendrowski,Story by: Steven Molaro & Steve Holland & Maria FerrariTeleplay by: Dave Goetsch & Eric Kaplan & Anthony Del Broccolo,2017-10-02,T12.15602,14060000,7.2,2294,Leonard angers the University and the Physics Community when he gives an embarrassing radio interview. Bernadette and Amy compare their successes at work.
11,3,234,The Relaxation Integration,Mark Cendrowski,Story by: Chuck Lorre & Steve Holland & Adam FabermanTeleplay by: Maria Ferrari & Andy Gordon & Tara Hernandez,2017-10-09,T12.15603,13130000,7,2160,"Sheldon and Amy struggle with picking a wedding date. Meanwhile, Stuart and Raj fight over one of Bernadette's co-workers for a date."
11,4,235,The Explosion Implosion,Mark Cendrowski,Story by: Bill Prady & Maria Ferrari & Tara HernandezTeleplay by: Steve Holland & Eric Kaplan & Jeremy Howe,2017-10-16,T12.15604,13070000,7.1,2099,Howard and Bernadette are disappointed when they find out the sex of the baby. Leonard is annoyed when his mother befriends Penny.
11,5,236,The Collaboration Contamination,Nikki Lorre,Story by: Steven Molaro & Steve Holland & Eric KaplanTeleplay by: Dave Goetsch & Maria Ferrari & Jeremy Howe,2017-10-23,T12.15605,13200000,7.3,2115,"Amy and Howard work in the lab together causing Sheldon, Bernadette and Raj to feel jealous and lonely. Penny starts using a parenting book to control Sheldon's behavior."
11,6,237,The Proton Regeneration,Mark Cendrowski,"Story by: Steven Molaro, Dave Goetsch, Alex YonksTeleplay by: Dave Steve Holland, Andy Gordon, Jeremy Howe",2017-11-02,T12.15606,14140000,7.2,2089,"Sheldon and Wil Wheaton both go head-to-head for the role of the new Professor Proton, Meanwhile Penny takes care of Halley when Bernadette and Howard are on bed rest."
11,7,238,The Geology Methodology,Mark Cendrowski,Story by: Steve Holland & Anthony Del Broccolo & Adam FabermanTeleplay by: Eric Kaplan & Maria Ferrari & Tara Hernandez,2017-11-09,T12.15607,13800000,7.4,2120,"When Bert asks Sheldon to collaborate on a project with him, Sheldon becomes worried about others finding out because he thinks geology is beneath him. Raj seeks advice after reconnecting with Ruchi."
11,8,239,The Tesla Recoil,Anthony Rich,Story by: Chuck Lorre & Eric Kaplan & Tara HernandezTeleplay by: Steve Holland & Maria Ferrari & Jeremy Howe,2017-11-16,T12.15608,13440000,7.1,2026,Howard and Leonard become upset after they discover that Sheldon has been working with the military without telling them; Bernadette asks Raj to investigate her suspicions that Ruchi is attempting to take her job away from her.
11,9,240,The Bitcoin Entanglement,Mark Cendrowski,Story by: Steve Holland & Andy Gordon & Jeremy HoweTeleplay by: Dave Goetsch & Maria Ferrari & Anthony Del Broccolo,2017-11-30,T12.15609,13840000,7.7,2206,Sheldon tries to teach the other guys a lesson after they cut him out of a potentially valuable Bitcoin investment seven years ago.
11,10,241,The Confidence Erosion,Mark Cendrowski,Story by: Bill Prady & Maria Ferrari & Adam FabermanTeleplay by: Steve Holland & Eric Kaplan & Tara Hernandez,2017-12-07,T12.15610,14410000,7.4,2042,Sheldon and Amy try to eliminate stress from wedding planning by applying math to the process. Raj and Howard come to blows when Raj begins to feel like Howard hurts his confidence.
11,11,242,The Celebration Reverberation,Mark Cendrowski,Story by: Steve Holland & Eric Kaplan & Alex AyersTeleplay by: Dave Goetsch & Maria Ferrari & Jeremy Howe,2017-12-14,T12.15611,13740000,7.1,1980,Raj and Howard's feud continues as the gang plan Halley's first birthday party. Sheldon's surprise for Amy's birthday goes awry when they get food poisoning.
11,12,243,The Matrimonial Metric,Mark Cendrowski,Story by: Maria Ferrari & Tara Hernandez & Jeremy HoweTeleplay by: Steve Holland & Eric Kaplan & Andy Gordon,2018-01-04,T12.15612,16160000,7.5,2029,"Sheldon and Amy pick their best-man and maid of honor by experimenting on the gang. Meanwhile, Leonard's self-confidence is still badly damaged after reading his brother's Christmas letter."
11,13,244,The Solo Oscillation,Mark Cendrowski,Story by: Chuck Lorre & Steve Holland & Anthony Del BroccoloTeleplay by: Eric Kaplan & Maria Ferrari & Jeremy Howe,2018-01-11,T12.15613,15930000,7.2,2016,"Sheldon kicks Amy out of the apartment to work solo, and she and Leonard end up bonding during a series of science experiments; Howard is replaced by Bert in Footprints on the Moon."
11,14,245,The Separation Triangulation,Mark Cendrowski,Story by: Chuck Lorre & Eric Kaplan & Maria FerrariTeleplay by: Steven Molaro & Steve Holland & Tara Hernandez,2018-01-18,T12.15614,14920000,7.2,2050,"Raj meets a girl at the Planetarium, but soon after finds out she is married. Sheldon rents out his old room to use for his work."
11,15,246,The Novelization Correlation,Mark Cendrowski,Story by: Steve Holland & Andy Gordon & Adam FabermanTeleplay by: Eric Kaplan & Maria Ferrari & Jeremy Howe,2018-02-01,T12.15615,14690000,7.5,2003,"Leonard's book raises questions, and Amy guest stars on the new Professor Proton show."
11,16,247,The Neonatal Nomenclature,Gay Linvill,Story by: Eric Kaplan & Maria Ferrari & Anthony Del BroccoloTeleplay by: Steve Holland & Tara Hernandez & Adam Faberman,2018-03-01,T12.15616,13750000,7.1,1942,"When Bernadette won't go into labor, the gang try different tactics to get things started. Also, Wolowitz confronts Bernadette after Amy accidentally reveals she's already chosen their son's name."
11,17,248,The Athenaeum Allocation,Mark Cendrowski,Story by: Steve Holland & Steven Molaro & Tara HernandezTeleplay by: Dave Goetsch & Eric Kaplan & Maria Ferrari,2018-03-08,T12.15617,13880000,6.8,1957,"Leonard jumps through hoops to help secure the perfect wedding venue for Sheldon and Amy. Also, Bernadette and Wolowitz have a hard time deciding who should stay at home with the kids and who should go back to work."
11,18,249,The Gates Excitation,Mark Cendrowski,Story by: Eric Kaplan & Maria Ferrari & Andy GordonTeleplay by: Steve Holland & Tara Hernadnez & Jeremy Howe,2018-03-29,T12.15618,13260000,7.1,1987,"Leonard, Howard and Raj try to meet Bill Gates, who's meeting with Penny to merge their companies; Sheldon thinks he's the victim of an April Fool's prank."
11,19,250,The Tenant Disassociation,Mark Cendrowski,Story by: Steve Holland & Jeremy Howe & Trevor AlperTeleplay by: Dave Goetsch & Eric Kaplan & Maria Ferrari,2018-04-05,T12.15619,13000000,7.2,1943,Leonard runs against Sheldon to be president of the tenants association; Wolowitz and Koothrappali find a drone in the backyard.
11,20,251,The Reclusive Potential,Mark Cendrowski,Story by: Maria Ferrari & Anthony Del Broccolo & Tara HernandezTeleplay by: Steve Holland & Eric Kaplan & Adam Faberman,2018-04-12,T12.15620,12770000,7.2,1938,Sheldon takes the guys to a cabin in the middle of nowhere to meet a reclusive scientist; Penny and Bernadette improvise Amy's bachelorette party.
11,21,252,The Comet Polarization,Mark Cendrowski,Story by: Steve Holland & Bill Prady & Eric KaplanTeleplay by: Maria Ferrari & Andy Gordon & Tara Hernandez,2018-04-19,T12.15621,12910000,7.4,1930,Sheldon's comic book store experience changes when writer Neil Gaiman puts Stuart's store on the map; friendships are threatened when Koothrappali takes credit for Penny's astronomical discovery.
11,22,253,The Monetary Insufficiency,Nikki Lorre,Story by: Dave Goetsch & Maria Ferrari & Tara HernandezTeleplay by: Steve Holland & Eric Kaplan & Jeremy Howe,2018-04-26,T12.15622,11790000,7.2,1898,"Sheldon goes to Vegas to win money for science. Also, Penny and Bernadette take Amy wedding dress shopping, but her terrible choice entangles them in a web of lies."
11,23,254,The Sibling Realignment,Mark Cendrowski,Story by: Steve Holland & Eric Kaplan & Anthony Del BroccoloTeleplay by: Dave Goetsch & Maria Ferrari & Jeremy Howe,2018-05-03,T12.15623,12930000,7.7,2036,Sheldon and Leonard make a road trip to wrangle a reluctant wedding guest.
11,24,255,The Bow Tie Asymmetry,Mark Cendrowski,Story by: Chuck Lorre & Steven Molaro & Maria FerrariTeleplay by: Steve Holland & Eric Kaplan & Tara Hernandez,2018-05-10,T12.15624,15510000,9,3543,"When Amy's parents and Sheldon's family arrive, everybody is focused to make sure all wedding arrangements go according to plan - everyone except the bride and groom."
12,1,256,The Conjugal Configuration,Mark Cendrowski,Story by: Chuck Lorre & Eric Kaplan & Tara HernandezTeleplay by: Steve Holland & Maria Ferrari & Jeremy Howe,2018-09-24,T12.16001,12920000,7.2,2324,"After their wedding, Amy and Sheldon go on their honeymoon."
12,2,257,The Wedding Gift Wormhole,Mark Cendrowski,Story by: Steve Holland & Steven Molaro & Maria FerrariTeleplay by: Dave Goetsch & Eric Kaplan & Andy Gordon,2018-09-27,T12.16002,12040000,7.6,2205,Leonard and Penny give Sheldon and Amy a baffling wedding gift.
12,3,258,The Procreation Calculation,Mark Cendrowski,Story by: Chuck Lorre & Tara Hernandez & Adam FabermanTeleplay by: Steve Holland & Maria Ferrari & Anthony Del Broccolo,2018-10-04,T12.16003,12290000,7.2,2098,"The Wolowitzes' life gets complicated when Stuart starts bringing his new girlfriend home. Also, Penny and Leonard talk about starting a family while Koothrappali explores an arranged marriage."
12,4,259,The Tam Turbulence,Mark Cendrowski,Story by: Steve Holland & Steven Molaro & Maria FerrariTeleplay by: Dave Goetsch & Eric Kaplan & Jeremy Howe,2018-10-11,T12.16004,12940000,7,2025,"Sheldon won't tell anyone why he's never mentioned Tam, his childhood best friend, so Leonard takes matters into his own hands. Also, Bernadette and Penny take out Raj's fianc√©e, Anu, for dinner to get the skinny on her."
12,5,260,The Planetarium Collision,Mark Cendrowski,Story by: Eric Kaplan & Andy Gordon & Alex AyersTeleplay by: Steve Holland & Maria Ferrari & Tara Hernandez,2018-10-18,T12.16005,12220000,6.8,2021,"Amy doesn't have time to work with Sheldon on super asymmetry, so he goes to great lengths to ensure she's available. Koothrappali doesn't want Wolowitz to join him in hosting a show at the planetarium."
12,6,261,The Imitation Perturbation,Mark Cendrowski,Story by: Steve Holland & Maria Ferrari & Tara HernandezTeleplay by: Eric Kaplan & Jeremy Howe & Adam Faberman,2018-10-25,T12.16006,12990000,8.2,2490,"When Wolowitz dresses up as Sheldon for Halloween, Sheldon seeks retaliation at Leonard and Penny's Halloween party. Also, Leonard is shocked that Penny doesn't remember their first kiss."
12,7,262,The Grant Allocation Derivation,Mark Cendrowski,Story by: Eric Kaplan & Anthony Del Broccolo & Alex YonksTeleplay by: Steve Holland & Dave Goetsch & Maria Ferrari,2018-11-01,T12.16007,12640000,7.3,1997,"Leonard is caught between a rock and a hard place when he's responsible for distributing extra grant money. Also, Bernadette turns the backyard playhouse into a hideaway from her husband and kids."
12,8,263,The Consummation Deviation,Mark Cendrowski,Story by: Chuck Lorre & Steve Holland & Maria FerrariTeleplay by: Eric Kaplan & Andy Gordon & Adam Faberman,2018-11-08,T12.16008,12850000,7.3,2032,"Sheldon tries to bond with Amy's father, but when Wolowitz lures Mr. Fowler away with magic tricks, Sheldon has no choice but to bond with Mrs. Fowler. Also, Koothrappali and Anu try to get physical for the first time."
12,9,264,The Citation Negation,Kristy Cecil,Story by: Eric Kaplan & Tara Hernandez & Jeremy HoweTeleplay by: Steve Holland & Dave Goetsch & Maria Ferrari,2018-11-15,T12.16009,12560000,7.2,2008,Sheldon and Amy are devastated after learning from a Russian paper that super asymmetry has already been theorized and disproved. Bernadette wants to beat Howard in a popular video game.
12,10,265,The VCR Illumination,Mark Cendrowski,Story by: Steve Holland & Steven Molaro & Bill PradyTeleplay by: Maria Ferrari & Andy Gordon & Jeremy Howe,2018-12-06,T12.16010,12520000,7.5,2059,A VHS tape from Sheldon's past inspires him and Amy not to give up when they're still feeling down about their theory being disproven. Bernadette turns into a pageant mom when she tries to help Howard with his Magic Castle audition.
12,11,266,The Paintball Scattering,Mark Cendrowski,Story by: Maria Ferrari & Tara Hernandez & Adam FabermanTeleplay by: Steve Holland & Eric Kaplan & Anthony Del Broccolo,2019-01-03,T12.16011,12800000,7.3,1973,"Penny and Leonard organize a paintball game, which results in mayhem when Sheldon becomes jealous of Amy. Raj catches Anu with her ex-boyfriend. Stuart doesn't want to move in with Denise."
12,12,267,The Propagation Proposition,Mark Cendrowski,Story by: Chuck Lorre & Steve Holland & Jeremy HoweTeleplay by: Maria Ferrari & Dave Goetsch & Eric Kaplan,2019-01-10,T12.16012,13530000,7.1,1929,"Penny's ex-boyfriend Zack learns that he is infertile, so he asks Leonard for help; Koothrappali attempts to mend things with his ex-fiancee Anu."
12,13,268,The Confirmation Polarization,Mark Cendrowski,Story by: Eric Kaplan & Andy Gordon & Anthony Del BroccoloTeleplay by: Steve Holland & Maria Ferrari & Tara Hernandez,2019-01-17,T12.16013,13320000,7.1,1941,"Sheldon and Amy are thrilled when their super asymmetry theory is proven by two physicists, until they try to kick Amy off the Nobel nomination. Bernadette gets one of her drugs approved and wants a reluctant Penny to head the sales team."
12,14,269,The Meteorite Manifestation,Mark Cendrowski,Story by: Chuck Lorre & Steve Holland & Maria FerrariTeleplay by: Eric Kaplan & Tara Hernandez & Jeremy Howe,2019-01-31,T12.16014,13660000,7.1,1932,Sheldon is thrilled to help Bernadette and Howard navigate bureaucracy concerning a neighbor's non-compliant balcony until he learns they too have ignored codes. Leonard is disappointed when his friends are uninterested in his new laser.
12,15,270,The Donation Oscillation,Mark Cendrowski,Story by: Bill Prady & Jeremy Howe & Adam FabermanTeleplay by: Steve Holland & Dave Goetsch & Maria Ferrari,2019-02-07,T12.16015,13970000,7.4,1994,"Penny tries to throw a wrench into Leonard's plan to be a sperm donor for her ex-boyfriend; Wolowitz, Bernadette, Anu and Koothrappali turn Koothrappali's canceled bachelor party into a couple's trip aboard the ""vomit comet."""
12,16,271,The D & D Vortex,Mark Cendrowski,Story by: Steve Holland & Maria Ferrari & Anthony Del BroccoloTeleplay by: Eric Kaplan & Andy Gordon & Tara Hernandez,2019-02-21,T12.16016,13480000,7.9,2203,"The gang finds out Wil Wheaton hosts a celebrity Dungeons and Dragons game involving William Shatner, Joe Manganiello, Kareem Abdul-Jabbar and Kevin Smith. Deception and betrayal are the path to make it to the one open seat."
12,17,272,The Conference Valuation,Mark Cendrowski,Story by: Chuck Lorre & Steven Molaro & Eric KaplanTeleplay by: Steve Holland & Maria Ferrari & Jeremy Howe,2019-03-07,T12.16017,12990000,7.1,1922,"Bernadette and Penny travel to San Diego for a pharmaceutical sales convention. Back home, Amy and the guys experiment on the Wolowitz children when Sheldon finds a book on it."
12,18,273,The Laureate Accumulation,Mark Cendrowski,Story by: Steve Holland & Adam Faberman & David SaltzbergTeleplay by: Dave Goetsch & Eric Kaplan & Maria Ferrari,2019-04-04,T12.16018,12220000,7.1,1895,"Rivals Pemberton and Campbell charm America on a publicity tour so Sheldon and Amy try to win over Nobel laureates Kip Thorne, George Smoot and Frances Arnold. Halley's fear of the dark causes opportunity and conflict at the Wolowitz home."
12,19,274,The Inspiration Deprivation,Mark Cendrowski,Story by: Eric Kaplan & Maria Ferrari & Andy GordonTeleplay by: Steve Holland & Anthony Del Broccolo & Tara Hernandez,2019-04-18,T12.16019,11440000,7,1903,Contemplating what it would mean to all women if she were to win a Nobel Prize causes Amy to have a meltdown. Koothrappali and Wolowitz try to relive the good old days after Wolowitz buys a scooter that looks like the one he had years ago.
12,20,275,The Decision Reverberation,Mark Cendrowski,Story by: Steven Molaro & Steve Holland & Tara HernandezTeleplay by: Eric Kaplan & Maria Ferrari & Jermey Howe,2019-04-25,T12.16020,11840000,7.1,1888,Koothrappali is worried people won't take him seriously in his own field after publishing a paper that suggests he may have discovered alien life. Leonard wants to be the principal investigator on a plasma physics study.
12,21,276,The Plagiarism Schism,Nikki Lorre,Story by: Eric Kaplan & Maria Ferrari & Adam FabermanTeleplay by: Steve Holland & Dave Goetsch & Tara Hernandez,2019-05-02,T12.16021,12480000,7.2,1936,"Kripke has proof that Dr. Pemberton plagiarized his thesis in college, and Sheldon and Amy aren't sure if they should turn him in. Wolowitz learns that Bernadette wasn't the only waitress at the Cheesecake Factory who had a crush on him."
12,22,277,The Maternal Conclusion,Kristy Cecil,Story by: Steve Holland & Eric Kaplan & Jeremy HoweTeleplay by: Maria Ferrari & Andy Gordon & Anthony Del Broccolo,2019-05-09,T12.16022,12590000,7.9,2411,"Leonard is pleasantly surprised when Beverly comes to visit and she's genuinely kind to him, until he finds out the real reason she's there. Also, Denise and Stuart overstay their welcome at the Wolowitz house."
12,23,278,The Change Constant,Mark Cendrowski,Chuck Lorre & Steve Holland & Steven Molaro & Bill Prady & Dave Goetsch & Eric Kaplan & Maria Ferrari & Andy Gordon & Anthony Del Broccolo & Tara Hernandez & Jeremy Howe & Adam Faberman,2019-05-16,T12.16023,18520000,9,4352,Sheldon and Amy await big news.
12,24,279,The Stockholm Syndrome,Mark Cendrowski,Chuck Lorre & Steve Holland & Steven Molaro & Bill Prady & Dave Goetsch & Eric Kaplan & Maria Ferrari & Andy Gordon & Anthony Del Broccolo & Tara Hernandez & Jeremy Howe & Adam Faberman,2019-05-16,T12.16024,18520000,9.5,8791,"Bernadette and Wolowitz leave their kids for the first time; Penny and Leonard try to keep a secret; Sheldon and Amy stick together; and Koothrappali makes a new friend, as the gang travels together into an uncharted future."